key,created_date,started_date,completed_date,total_duration,active_duration,num_of_apps,ios,tvos,android,androidtv,firetv,roku,xbox,tizen,design_changes,config_changes,store_changes
BAT-29110,2021-10-05T00:55:35.224-0700,2021-10-06T08:29:15.635-0700,2021-11-14T23:21:47.213-0800,40,39,1,0,0,1,0,0,0,0,0,2,1,0
BAT-28935,2021-09-28T02:45:38.915-0700,2021-09-29T09:40:49.528-0700,2021-10-05T03:01:01.737-0700,7,5,2,0,1,0,0,1,0,0,0,0,0,0
BAT-28470,2021-09-08T06:20:25.424-0700,2021-09-26T21:34:55.834-0700,2021-11-05T08:00:07.024-0700,58,39,6,1,1,0,2,1,1,0,0,0,1,0
BAT-28459,2021-09-07T21:15:38.491-0700,2021-09-09T07:54:59.454-0700,2021-09-27T07:20:12.250-0700,19,17,2,0,1,0,1,0,0,0,0,0,0,0
BAT-28360,2021-09-01T07:01:31.778-0700,2021-09-14T23:51:05.174-0700,2021-11-09T07:08:50.115-0800,69,55,2,1,0,1,0,0,0,0,0,1,0,0
BAT-28354,2021-09-01T06:59:26.277-0700,2021-09-21T21:29:34.969-0700,2021-10-11T03:08:33.073-0700,39,19,2,1,0,1,0,0,0,0,0,0,0,1
BAT-28291,2021-08-30T23:54:44.394-0700,2021-09-16T01:31:09.265-0700,2021-11-01T07:55:08.936-0700,62,46,2,1,0,1,0,0,0,0,0,2,0,1
BAT-28166,2021-08-24T08:28:01.657-0700,2021-08-24T23:37:23.205-0700,2021-09-23T03:27:46.398-0700,29,29,2,1,0,0,1,0,0,0,0,0,0,1
BAT-27940,2021-08-16T07:23:06.627-0700,2021-09-08T11:39:20.450-0700,2021-11-03T01:48:22.456-0700,78,55,2,1,0,1,0,0,0,0,0,0,1,0
BAT-27054,2021-08-12T05:34:44.414-0700,2021-08-29T01:44:08.474-0700,2021-10-18T03:13:46.845-0700,66,50,6,1,1,0,2,1,1,0,0,1,0,0
BAT-26126,2021-08-02T05:48:40.077-0700,2021-08-17T01:19:54.340-0700,2021-10-25T12:07:18.371-0700,84,69,6,1,1,1,1,1,1,0,0,0,0,0
BAT-26009,2021-07-27T00:45:30.071-0700,2021-08-12T07:41:26.468-0700,2021-10-18T09:21:08.994-0700,83,67,1,0,0,0,0,0,0,0,1,0,0,0
BAT-25997,2021-07-26T02:43:33.663-0700,2021-08-05T01:13:12.778-0700,2021-08-26T03:58:57.691-0700,31,21,2,1,0,1,0,0,0,0,0,0,0,0
BAT-25880,2021-07-16T08:12:48.294-0700,2021-09-15T10:11:00.747-0700,2021-11-11T10:58:48.744-0800,118,57,6,1,1,0,2,1,1,0,0,0,0,0
BAT-25869,2021-07-16T02:28:24.042-0700,2021-07-22T14:58:01.656-0700,2021-10-01T08:00:49.189-0700,77,70,2,0,1,0,0,0,1,0,0,4,0,0
BAT-25859,2021-07-16T02:27:27.063-0700,2021-07-22T05:51:27.492-0700,2021-08-30T12:34:04.692-0700,45,39,1,0,0,0,0,0,1,0,0,0,0,0
BAT-25852,2021-07-16T02:26:57.917-0700,2021-07-21T11:32:59.679-0700,2021-09-23T03:36:19.208-0700,69,63,6,1,1,1,1,1,1,0,0,1,2,0
BAT-25821,2021-07-13T01:00:01.171-0700,2021-07-13T10:27:02.569-0700,2021-09-14T09:26:09.605-0700,63,62,1,0,0,0,0,0,0,0,1,0,0,0
BAT-25635,2021-06-30T21:33:31.148-0700,2021-07-16T06:49:41.096-0700,2021-08-31T07:15:47.071-0700,61,46,1,0,0,0,0,1,0,0,0,0,0,1
BAT-25618,2021-06-30T21:30:56.090-0700,2021-08-16T06:09:11.532-0700,2021-10-06T04:42:49.783-0700,97,50,2,1,0,0,1,0,0,0,0,0,0,0
BAT-25611,2021-06-30T21:30:27.666-0700,2021-07-20T13:32:41.326-0700,2021-10-21T07:07:35.507-0700,112,92,6,1,1,1,1,1,1,0,0,0,0,1
BAT-25604,2021-06-30T21:29:59.398-0700,2021-08-06T15:52:46.992-0700,2021-10-15T07:24:25.643-0700,106,69,6,1,1,1,1,1,1,0,0,1,0,0
BAT-25558,2021-06-29T14:42:47.306-0700,2021-08-03T05:53:43.451-0700,2021-09-30T05:21:47.378-0700,92,57,1,0,0,0,0,0,1,0,0,0,1,0
BAT-25537,2021-06-29T00:12:51.433-0700,2021-07-06T07:49:13.118-0700,2021-10-06T06:45:29.112-0700,99,91,6,1,1,1,1,1,1,0,0,6,1,1
BAT-23859,2021-06-24T01:00:22.021-0700,2021-06-30T12:46:42.619-0700,2021-07-13T03:13:51.574-0700,19,12,1,0,1,0,0,0,0,0,0,0,0,0
BAT-23836,2021-06-23T03:10:02.967-0700,2021-06-30T14:33:03.413-0700,2021-07-20T03:53:13.944-0700,27,19,2,1,0,0,0,1,0,0,0,0,0,0
BAT-23505,2021-06-22T01:59:10.632-0700,2021-07-06T08:50:39.459-0700,2021-09-24T03:27:12.625-0700,94,79,6,1,1,1,1,1,1,0,0,1,1,0
BAT-23435,2021-06-18T01:39:14.046-0700,2021-07-29T06:41:09.644-0700,2021-09-30T05:30:01.695-0700,104,62,2,1,0,1,0,0,0,0,0,5,0,1
BAT-23427,2021-06-18T01:38:15.445-0700,2021-06-30T05:45:27.748-0700,2021-07-15T07:19:19.272-0700,27,15,2,1,0,0,1,0,0,0,0,0,0,0
BAT-23255,2021-06-16T00:31:39.554-0700,2021-06-24T13:59:39.031-0700,2021-09-16T07:33:35.831-0700,92,83,1,0,0,0,0,0,0,0,1,1,0,0
BAT-23171,2021-06-14T04:43:37.296-0700,2021-07-22T04:15:51.188-0700,2021-09-20T05:36:16.984-0700,98,60,1,1,0,0,0,0,0,0,0,2,1,1
BAT-23038,2021-06-08T00:28:47.681-0700,2021-06-25T10:32:20.657-0700,2021-08-11T06:38:46.102-0700,64,46,2,1,0,1,0,0,0,0,0,3,1,0
BAT-23014,2021-06-04T04:40:28.629-0700,2021-06-23T06:48:14.431-0700,2021-08-19T10:12:05.298-0700,76,57,1,0,0,0,0,0,0,0,1,0,0,0
BAT-23010,2021-06-04T04:39:38.419-0700,2021-07-08T11:33:18.212-0700,2021-09-29T03:21:37.576-0700,116,82,3,0,1,0,0,1,1,0,0,0,0,1
BAT-22856,2021-05-31T00:53:09.305-0700,2021-06-23T06:48:13.252-0700,2021-10-01T03:54:30.915-0700,123,99,5,1,1,0,2,1,0,0,0,5,1,1
BAT-22851,2021-05-31T00:52:38.082-0700,2021-06-23T06:48:13.187-0700,2021-08-18T05:00:14.500-0700,79,55,5,1,1,0,2,1,0,0,0,4,0,0
BAT-22844,2021-05-31T00:51:24.834-0700,2021-07-01T13:42:53.207-0700,2021-10-01T04:14:47.338-0700,123,91,6,1,1,1,1,1,1,0,0,3,2,0
BAT-22841,2021-05-31T00:50:53.830-0700,2021-07-13T09:21:12.802-0700,2021-09-30T10:14:24.863-0700,122,79,2,1,0,1,0,0,0,0,0,0,0,0
BAT-22662,2021-05-21T05:35:36.715-0700,2021-06-23T06:48:11.530-0700,2021-08-19T10:01:42.408-0700,90,57,8,1,1,0,2,1,1,1,1,1,0,0
BAT-22599,2021-05-19T21:50:48.379-0700,2021-06-23T06:48:11.098-0700,2021-08-19T04:42:57.423-0700,91,56,6,1,1,0,2,1,1,0,0,1,0,0
BAT-22513,2021-05-18T05:51:20.611-0700,2021-06-23T06:48:10.596-0700,2021-08-17T06:53:48.433-0700,91,55,2,1,0,1,0,0,0,0,0,0,0,0
BAT-22497,2021-05-17T00:17:16.567-0700,2021-05-28T06:41:39.091-0700,2021-06-08T07:06:33.745-0700,22,11,1,0,0,0,1,0,0,0,0,0,0,0
BAT-22335,2021-05-09T20:42:54.975-0700,2021-06-23T06:48:09.344-0700,2021-09-15T11:16:29.630-0700,128,84,2,1,0,1,0,0,0,0,0,0,0,0
BAT-22234,2021-05-03T07:07:21.677-0700,2021-06-30T14:34:26.294-0700,2021-08-26T06:33:51.066-0700,114,56,6,1,1,1,1,1,1,0,0,3,2,0
BAT-22225,2021-05-03T00:09:16.643-0700,2021-07-06T05:44:14.252-0700,2021-08-11T07:54:58.966-0700,100,36,2,1,0,0,1,0,0,0,0,2,0,0
BAT-22222,2021-05-03T00:08:50.248-0700,2021-06-23T06:48:08.471-0700,2021-07-12T09:09:56.394-0700,70,19,2,0,1,0,1,0,0,0,0,3,0,1
BAT-22219,2021-05-03T00:08:24.595-0700,2021-06-23T07:07:08.952-0700,2021-08-12T07:12:56.630-0700,101,50,2,1,0,1,0,0,0,0,0,1,0,0
BAT-22202,2021-05-03T00:07:12.940-0700,2021-07-01T07:09:56.016-0700,2021-10-08T07:30:52.824-0700,158,99,6,1,1,1,1,1,1,0,0,2,0,0
BAT-22195,2021-05-03T00:06:42.867-0700,2021-06-23T06:48:07.958-0700,2021-07-21T10:06:16.260-0700,79,28,6,1,1,1,1,1,1,0,0,1,1,0
BAT-22188,2021-05-03T00:06:17.081-0700,2021-06-23T06:48:07.837-0700,2021-10-29T08:20:57.531-0700,179,128,6,1,1,1,1,1,1,0,0,2,1,1
BAT-22178,2021-05-02T23:59:05.565-0700,2021-07-01T10:32:46.005-0700,2021-11-01T07:15:48.906-0700,182,122,2,8,0,0,0,0,0,0,0,1,0,0
BAT-22142,2021-04-30T05:59:10.881-0700,2021-06-23T06:48:07.141-0700,2021-08-16T07:29:10.474-0700,108,54,4,1,1,1,0,0,1,0,0,2,1,0
BAT-22135,2021-04-30T05:58:40.791-0700,2021-06-23T06:48:07.052-0700,2021-09-29T03:44:52.102-0700,151,97,6,1,1,0,2,1,1,0,0,2,1,1
BAT-22108,2021-04-29T12:48:39.019-0700,2021-09-02T02:44:37.694-0700,2021-11-14T22:53:37.906-0800,199,73,3,1,0,0,2,0,0,0,0,0,0,0
BAT-21905,2021-04-22T04:56:59.661-0700,2021-06-23T06:48:05.219-0700,2021-08-30T12:35:50.264-0700,130,68,2,1,0,1,0,0,0,0,0,3,0,0
BAT-21903,2021-04-22T04:56:21.144-0700,2021-05-06T09:44:11.597-0700,2021-06-09T06:55:58.924-0700,48,33,1,0,0,0,1,0,0,0,0,0,0,0
BAT-21896,2021-04-22T04:55:46.101-0700,2021-06-23T06:48:05.038-0700,2021-08-24T04:41:41.466-0700,123,61,6,1,1,0,2,1,1,0,0,0,2,0
BAT-21842,2021-04-19T00:50:51.183-0700,2021-06-23T06:48:04.748-0700,2021-07-26T14:56:16.476-0700,98,33,4,0,1,0,1,1,1,0,0,2,1,0
BAT-21839,2021-04-19T00:50:25.654-0700,2021-06-23T06:48:04.648-0700,2021-08-18T10:29:05.399-0700,121,56,2,0,0,0,0,0,0,1,1,0,0,0
BAT-21769,2021-04-16T03:00:37.198-0700,2021-04-27T07:12:31.318-0700,2021-06-09T07:04:24.638-0700,54,42,3,1,0,0,1,0,1,0,0,0,0,0
BAT-21734,2021-04-14T02:03:32.247-0700,2021-06-23T06:48:03.875-0700,2021-10-11T03:07:31.066-0700,180,109,2,1,0,1,0,0,0,0,0,0,0,0
BAT-21653,2021-04-08T18:35:20.170-0700,2021-06-23T06:48:03.408-0700,2021-10-19T04:17:39.705-0700,193,117,6,1,1,1,1,1,1,0,0,0,0,0
BAT-21590,2021-04-06T23:28:44.570-0700,2021-04-16T11:32:17.179-0700,2021-05-26T11:32:47.406-0700,49,40,1,0,0,0,0,0,1,0,0,1,0,0
BAT-21466,2021-04-01T03:41:47.910-0700,2021-06-30T14:35:14.493-0700,2021-08-03T05:04:27.596-0700,124,33,2,1,0,1,0,0,0,0,0,0,0,1
BAT-21463,2021-04-01T03:41:30.508-0700,2021-06-23T06:48:02.089-0700,2021-09-13T06:34:04.770-0700,165,81,2,1,0,1,0,0,0,0,0,1,0,0
BAT-21460,2021-04-01T03:41:01.981-0700,2021-06-23T06:48:01.998-0700,2021-07-16T08:15:56.054-0700,106,23,2,0,0,0,0,0,0,1,1,0,0,0
BAT-21453,2021-04-01T03:40:18.299-0700,2021-06-30T14:35:18.826-0700,2021-09-15T07:31:45.689-0700,167,76,6,1,1,1,1,1,1,0,0,4,0,0
BAT-21450,2021-04-01T03:39:55.909-0700,2021-06-23T06:48:01.837-0700,2021-08-02T15:23:47.042-0700,123,40,2,1,0,1,0,0,0,0,0,1,0,2
BAT-21433,2021-04-01T03:37:31.445-0700,2021-06-23T06:48:01.578-0700,2021-08-23T08:47:55.788-0700,144,61,6,1,1,1,1,1,1,0,0,1,1,0
BAT-21430,2021-04-01T03:37:02.305-0700,2021-06-23T06:48:01.511-0700,2021-08-09T08:02:40.348-0700,130,47,2,1,0,1,0,0,0,0,0,5,0,0
BAT-21360,2021-03-30T04:09:49.080-0700,2021-06-23T06:48:01.054-0700,2021-07-06T08:32:17.521-0700,98,13,1,1,0,0,0,0,0,0,0,1,1,1
BAT-21295,2021-03-29T05:46:15.400-0700,2021-06-23T06:48:00.415-0700,2021-09-02T14:19:01.260-0700,157,71,6,1,1,1,1,1,1,0,0,2,0,0
BAT-21292,2021-03-29T05:45:44.234-0700,2021-06-23T06:48:00.346-0700,2021-07-19T15:26:03.595-0700,112,26,2,1,0,1,0,0,0,0,0,0,0,1
BAT-21240,2021-03-26T04:27:46.877-0700,2021-06-23T06:47:59.883-0700,2021-07-23T07:57:08.554-0700,119,30,6,1,1,1,1,1,1,0,0,2,3,0
BAT-21222,2021-03-26T04:26:01.312-0700,2021-06-23T06:47:59.633-0700,2021-07-29T09:12:22.805-0700,125,36,2,0,0,0,0,1,1,0,0,1,0,0
BAT-21207,2021-03-24T20:45:14.880-0700,2021-04-27T10:43:24.163-0700,2021-06-04T07:58:28.272-0700,71,37,2,1,0,1,0,0,0,0,0,2,0,0
BAT-21205,2021-03-24T20:44:35.424-0700,2021-06-23T06:47:59.437-0700,2021-08-30T12:36:17.725-0700,158,68,1,1,0,0,0,0,0,0,0,2,0,0
BAT-21193,2021-03-24T01:15:36.902-0700,2021-06-23T06:47:59.322-0700,2021-07-22T09:25:16.378-0700,120,29,3,1,0,1,0,0,1,0,0,1,1,1
BAT-21190,2021-03-24T01:15:03.452-0700,2021-06-23T06:47:59.259-0700,2021-08-19T05:34:14.186-0700,148,56,2,1,0,1,0,0,0,0,0,2,0,0
BAT-21181,2021-03-24T01:13:19.536-0700,2021-06-23T06:47:59.174-0700,2021-07-15T07:40:04.126-0700,113,22,3,1,0,0,1,0,1,0,0,0,0,0
BAT-20445,2021-03-19T00:28:33.071-0700,2021-06-23T06:47:55.073-0700,2021-07-06T07:34:57.376-0700,109,13,1,1,0,0,0,0,0,0,0,0,0,0
BAT-20435,2021-03-19T00:27:44.839-0700,2021-06-23T06:47:54.921-0700,2021-06-23T11:57:37.252-0700,96,0,6,1,1,1,1,1,1,0,0,2,0,2
BAT-20421,2021-03-18T03:12:20.335-0700,2021-06-23T06:47:54.811-0700,2021-07-27T08:02:16.641-0700,131,34,4,1,1,1,0,0,1,0,0,2,0,2
BAT-20418,2021-03-18T03:09:19.075-0700,2021-06-23T06:47:54.744-0700,2021-07-26T12:24:36.700-0700,130,33,2,1,0,1,0,0,0,0,0,0,0,0
BAT-20404,2021-03-17T11:18:32.401-0700,2021-03-24T12:32:29.204-0700,2021-05-11T11:21:31.472-0700,55,47,1,0,0,0,0,1,0,0,0,0,0,1
BAT-20133,2021-03-16T05:23:12.117-0700,2021-04-14T13:00:28.866-0700,2021-05-18T12:46:17.741-0700,63,33,6,1,1,1,1,1,1,0,0,1,0,0
BAT-20084,2021-03-15T02:13:54.245-0700,2021-05-12T06:58:24.960-0700,2021-05-20T08:50:38.231-0700,66,8,6,1,1,1,1,1,1,0,0,2,0,0
BAT-20077,2021-03-15T02:12:57.945-0700,2021-04-16T10:09:12.799-0700,2021-05-27T05:54:04.612-0700,73,40,6,1,1,1,1,1,1,0,0,1,0,1
BAT-20057,2021-03-12T08:28:20.806-0800,2021-04-15T12:47:37.228-0700,2021-05-25T11:39:15.676-0700,74,39,3,0,1,0,0,1,1,0,0,1,0,0
BAT-20054,2021-03-12T04:20:06.650-0800,2021-06-23T06:47:52.437-0700,2021-06-28T05:37:54.027-0700,108,4,2,1,0,1,0,0,0,0,0,3,0,0
BAT-20040,2021-03-12T04:19:05.761-0800,2021-06-23T06:47:52.250-0700,2021-10-19T05:15:41.662-0700,220,117,6,1,1,1,1,1,1,0,0,1,2,1
BAT-19999,2021-03-10T01:58:06.841-0800,2021-06-23T06:47:52.015-0700,2021-08-03T09:41:01.256-0700,146,41,3,1,0,1,0,0,0,0,1,0,0,0
BAT-19996,2021-03-10T01:55:28.007-0800,2021-04-26T06:50:59.846-0700,2021-06-02T13:10:18.648-0700,84,37,2,1,0,1,0,0,0,0,0,0,0,0
BAT-19992,2021-03-10T01:54:39.036-0800,2021-03-19T08:38:20.306-0700,2021-06-07T11:29:28.164-0700,89,80,3,0,1,0,1,0,1,0,0,0,0,1
BAT-19945,2021-03-08T02:49:31.552-0800,2021-04-06T12:45:07.618-0700,2021-05-24T06:26:42.631-0700,77,47,2,1,0,1,0,0,0,0,0,2,0,0
BAT-19943,2021-03-08T02:48:04.604-0800,2021-04-14T06:09:39.555-0700,2021-05-19T12:47:57.140-0700,72,35,1,1,0,0,0,0,0,0,0,0,0,0
BAT-19929,2021-03-05T02:39:34.349-0800,2021-06-23T06:47:51.275-0700,2021-08-09T06:49:25.345-0700,157,47,2,1,0,1,0,0,0,0,0,3,3,2
BAT-19925,2021-03-05T02:38:17.870-0800,2021-06-23T06:47:51.206-0700,2021-07-13T12:45:50.151-0700,130,20,3,1,1,1,0,0,0,0,0,0,1,0
BAT-19903,2021-03-04T05:17:07.223-0800,2021-06-23T06:47:51.029-0700,2021-07-19T15:23:25.246-0700,137,26,6,1,1,1,1,1,1,0,0,1,0,1
BAT-19896,2021-03-04T05:14:48.122-0800,2021-06-23T06:47:50.929-0700,2021-07-28T10:43:52.710-0700,146,35,6,1,1,0,2,1,1,0,0,0,0,0
BAT-19859,2021-03-03T02:50:22.809-0800,2021-06-23T06:47:50.641-0700,2021-07-19T15:22:11.522-0700,138,26,2,0,0,0,0,1,1,0,0,2,0,0
BAT-19852,2021-03-03T02:49:53.786-0800,2021-06-23T06:47:50.549-0700,2021-07-21T07:20:34.947-0700,140,28,6,1,1,1,1,1,1,0,0,1,1,0
BAT-19845,2021-03-03T02:49:14.411-0800,2021-06-23T06:47:50.463-0700,2021-07-19T15:21:09.761-0700,138,26,6,1,1,1,1,1,1,0,0,2,0,1
BAT-19791,2021-02-28T23:03:24.300-0800,2021-06-23T06:47:50.043-0700,2021-08-20T05:01:23.187-0700,172,57,2,1,0,1,0,0,0,0,0,0,0,0
BAT-19788,2021-02-28T23:02:54.277-0800,2021-06-23T06:47:49.954-0700,2021-07-19T15:20:54.182-0700,140,26,2,1,0,1,0,0,0,0,0,1,0,1
BAT-19783,2021-02-28T23:02:33.863-0800,2021-06-23T06:47:49.861-0700,2021-08-10T23:32:33.931-0700,162,48,4,0,1,0,1,1,1,0,0,0,0,0
BAT-19773,2021-02-28T23:01:33.954-0800,2021-03-18T11:43:19.038-0700,2021-05-17T07:49:06.419-0700,77,59,2,0,0,0,0,1,1,0,0,0,0,0
BAT-19735,2021-02-26T07:11:54.093-0800,2021-03-29T11:25:41.322-0700,2021-04-27T08:26:31.994-0700,60,28,4,1,1,0,0,1,1,0,0,0,0,1
BAT-19726,2021-02-26T07:11:34.592-0800,2021-06-23T06:47:49.241-0700,2021-08-19T10:07:35.425-0700,174,57,8,1,1,1,1,1,1,1,1,3,1,0
BAT-19723,2021-02-26T07:11:18.512-0800,2021-06-23T06:47:49.180-0700,2021-09-17T09:49:08.493-0700,203,86,2,1,0,0,1,0,0,0,0,0,2,0
BAT-19709,2021-02-26T07:10:31.125-0800,2021-06-23T10:01:32.434-0700,2021-10-21T02:38:34.846-0700,236,119,6,1,1,1,1,1,1,0,0,5,4,0
BAT-19675,2021-02-26T07:05:47.261-0800,2021-06-23T06:47:48.740-0700,2021-08-04T05:43:43.505-0700,158,41,3,1,0,1,1,0,0,0,0,1,0,0
BAT-19672,2021-02-26T07:05:26.039-0800,2021-06-23T06:47:48.672-0700,2021-07-01T07:48:11.245-0700,124,8,2,1,0,0,0,0,1,0,0,3,1,1
BAT-19667,2021-02-26T07:04:24.738-0800,2021-05-07T08:19:04.406-0700,2021-05-17T07:41:01.421-0700,79,9,2,1,0,1,0,0,0,0,0,0,0,1
BAT-19664,2021-02-26T07:03:45.762-0800,2021-06-23T06:47:48.537-0700,2021-07-06T07:51:53.908-0700,129,13,2,1,0,1,0,0,0,0,0,1,0,1
BAT-19597,2021-02-22T04:08:54.070-0800,2021-06-23T06:47:48.117-0700,2021-08-24T04:19:10.164-0700,182,61,6,1,1,1,1,1,1,0,0,0,0,1
BAT-19581,2021-02-18T22:44:03.176-0800,2021-05-05T06:38:46.340-0700,2021-06-22T07:10:08.465-0700,123,48,2,1,0,0,0,0,1,0,0,1,0,1
BAT-19574,2021-02-18T22:43:18.342-0800,2021-06-23T06:47:47.906-0700,2021-07-30T15:07:13.697-0700,161,37,6,1,1,1,1,1,1,0,0,0,2,0
BAT-19569,2021-02-18T10:23:27.673-0800,2021-06-23T06:47:47.837-0700,2021-10-06T07:39:46.818-0700,229,105,1,1,0,0,0,0,0,0,0,1,3,1
BAT-19530,2021-02-17T06:54:44.080-0800,2021-06-23T06:47:47.645-0700,2021-08-03T01:07:29.562-0700,166,40,6,1,1,1,1,1,1,0,0,2,2,1
BAT-19519,2021-02-17T03:40:43.921-0800,2021-06-23T06:47:47.494-0700,2021-07-02T08:47:08.587-0700,135,9,6,1,1,1,1,1,1,0,0,2,0,0
BAT-19412,2021-02-11T01:48:03.686-0800,2021-03-09T06:26:20.066-0800,2021-06-16T05:39:53.524-0700,125,98,1,0,0,0,0,0,0,0,1,0,0,1
BAT-19387,2021-02-10T02:26:02.387-0800,2021-03-02T13:27:08.696-0800,2021-04-14T08:02:53.710-0700,63,42,2,1,0,1,0,0,0,0,0,1,0,0
BAT-19384,2021-02-10T02:25:32.685-0800,2021-06-23T06:47:46.700-0700,2021-09-23T10:01:06.269-0700,225,92,2,0,0,0,0,0,0,1,1,0,0,0
BAT-19377,2021-02-10T02:24:54.700-0800,2021-06-23T06:47:46.611-0700,2021-06-24T10:24:15.784-0700,134,1,6,1,1,1,1,1,1,0,0,4,1,0
BAT-19367,2021-02-10T02:22:31.139-0800,2021-06-23T06:47:46.545-0700,2021-10-01T05:21:21.043-0700,233,99,6,1,1,1,1,1,1,0,0,0,0,0
BAT-19360,2021-02-10T02:04:40.593-0800,2021-06-23T06:47:46.464-0700,2021-10-14T01:29:58.448-0700,245,112,6,1,1,0,2,1,1,0,0,0,0,0
BAT-19227,2021-02-05T07:45:53.932-0800,2021-03-17T08:25:40.570-0700,2021-05-11T06:13:28.128-0700,94,54,6,1,1,1,1,1,1,0,0,0,0,0
BAT-19219,2021-02-05T07:45:47.242-0800,2021-06-23T06:47:45.248-0700,2021-08-30T12:24:36.010-0700,206,68,7,1,1,0,2,1,1,0,1,0,0,0
BAT-19212,2021-02-05T07:45:41.689-0800,2021-04-22T14:55:51.837-0700,2021-06-01T13:08:58.170-0700,116,39,6,1,1,1,1,1,1,0,0,1,0,1
BAT-19207,2021-02-05T07:45:37.910-0800,2021-04-05T14:20:47.168-0700,2021-05-25T06:13:48.888-0700,108,49,4,1,0,1,0,1,1,0,0,0,0,0
BAT-19200,2021-02-05T07:45:33.148-0800,2021-06-23T06:47:45.015-0700,2021-07-09T08:34:35.742-0700,153,16,6,1,1,1,1,1,1,0,0,2,0,1
BAT-19197,2021-02-05T07:45:30.229-0800,2021-02-23T11:47:43.163-0800,2021-04-22T08:26:17.899-0700,75,57,2,1,0,1,0,0,0,0,0,0,0,1
BAT-19172,2021-02-05T07:37:37.421-0800,2021-03-19T05:47:04.146-0700,2021-06-22T06:25:10.068-0700,136,95,1,0,0,0,0,0,0,0,1,1,0,1
BAT-19160,2021-02-05T07:37:26.605-0800,2021-04-01T13:08:03.378-0700,2021-04-19T05:47:05.885-0700,72,17,1,0,0,0,1,0,0,0,0,3,0,0
BAT-19143,2021-02-05T07:27:20.575-0800,2021-03-08T13:24:47.306-0800,2021-05-17T12:42:06.519-0700,101,69,6,1,1,0,2,1,1,0,0,1,0,0
BAT-19141,2021-02-05T07:26:27.332-0800,2021-06-25T13:47:13.471-0700,2021-07-16T07:48:22.083-0700,160,20,1,0,0,0,0,0,0,1,0,0,0,0
BAT-19133,2021-02-05T07:25:07.617-0800,2021-04-19T08:18:29.108-0700,2021-06-01T08:08:21.349-0700,115,42,6,1,1,1,1,1,1,0,0,0,0,0
BAT-19126,2021-02-05T07:24:42.048-0800,2021-06-23T06:47:44.223-0700,2021-08-19T10:05:32.685-0700,195,57,7,1,1,1,1,1,1,0,1,0,0,2
BAT-19123,2021-02-05T07:24:17.450-0800,2021-03-03T09:40:13.520-0800,2021-05-04T13:55:38.469-0700,88,62,2,1,0,1,0,0,0,0,0,4,0,3
BAT-19116,2021-02-05T07:23:30.963-0800,2021-06-23T06:47:44.081-0700,2021-09-16T03:38:15.866-0700,222,84,6,1,1,1,1,1,1,0,0,2,1,0
BAT-19103,2021-02-05T07:21:40.368-0800,2021-04-13T08:47:52.611-0700,2021-05-24T13:45:14.449-0700,108,41,6,1,1,0,2,1,1,0,0,0,0,3
BAT-19093,2021-02-05T07:20:24.651-0800,2021-03-24T05:57:41.015-0700,2021-05-20T13:03:00.907-0700,104,57,6,1,1,0,2,1,1,0,0,1,1,1
BAT-19087,2021-02-05T07:18:53.010-0800,2021-03-02T13:24:42.492-0800,2021-05-12T06:51:42.352-0700,95,70,2,1,0,1,0,0,0,0,0,2,0,1
BAT-19080,2021-02-05T07:18:28.652-0800,2021-03-02T09:25:55.115-0800,2021-05-06T07:21:32.295-0700,89,64,6,1,1,1,1,1,1,0,0,1,0,1
BAT-19068,2021-02-05T07:17:16.746-0800,2021-06-23T06:47:43.439-0700,2021-08-18T10:33:51.225-0700,194,56,8,1,1,1,1,1,1,1,1,3,0,0
BAT-19057,2021-02-05T07:15:29.973-0800,2021-06-23T06:47:43.294-0700,2021-07-19T15:33:43.430-0700,164,26,7,1,1,1,1,1,1,0,1,1,0,1
BAT-19052,2021-02-05T07:13:10.136-0800,2021-02-24T11:45:25.285-0800,2021-04-21T15:12:13.990-0700,75,56,4,1,1,1,0,0,1,0,0,0,0,0
BAT-18992,2021-02-05T06:18:24.666-0800,2021-02-17T06:49:01.784-0800,2021-04-26T09:42:12.729-0700,80,68,6,1,1,1,1,1,1,0,0,0,0,0
BAT-18972,2021-02-04T07:03:27.119-0800,2021-04-07T11:40:55.240-0700,2021-05-18T12:50:25.235-0700,103,41,2,0,0,0,0,1,1,0,0,2,0,0
BAT-18910,2021-02-02T08:52:09.924-0800,2021-02-16T06:18:39.346-0800,2021-05-11T11:25:49.320-0700,98,84,6,1,1,0,2,1,1,0,0,1,0,1
BAT-18510,2021-02-01T11:25:42.974-0800,2021-03-02T12:38:06.865-0800,2021-06-09T06:54:40.798-0700,127,98,5,0,1,1,1,1,1,0,0,1,1,0
BAT-18503,2021-02-01T11:25:22.352-0800,2021-06-23T06:47:39.293-0700,2021-07-19T15:20:32.260-0700,168,26,6,1,1,1,1,1,1,0,0,0,0,3
BAT-18500,2021-02-01T11:24:07.124-0800,2021-06-23T06:47:39.222-0700,2021-07-28T10:44:57.684-0700,176,35,2,1,0,1,0,0,0,0,0,1,1,0
BAT-18493,2021-02-01T11:23:42.986-0800,2021-06-23T06:47:39.135-0700,2021-06-23T11:49:51.297-0700,141,0,6,1,1,0,2,1,1,0,0,1,1,2
BAT-18479,2021-02-01T10:10:57.022-0800,2021-02-12T10:57:44.027-0800,2021-05-04T13:45:40.884-0700,92,81,6,1,1,1,1,1,1,0,0,1,0,0
BAT-18467,2021-02-01T08:46:58.734-0800,2021-04-12T11:19:14.722-0700,2021-04-20T06:19:13.000-0700,77,7,2,1,0,1,0,0,0,0,0,1,0,0
BAT-18418,2021-01-28T12:29:51.299-0800,2021-03-04T07:17:20.317-0800,2021-05-03T11:37:51.718-0700,94,60,3,1,0,1,0,0,1,0,0,1,0,0
BAT-18405,2021-01-28T06:18:20.163-0800,2021-02-11T07:23:57.906-0800,2021-03-31T08:55:47.497-0700,62,48,4,1,0,0,1,1,1,0,0,1,0,0
BAT-18387,2021-01-27T11:35:03.438-0800,2021-03-02T07:55:41.567-0800,2021-04-29T13:28:57.340-0700,92,58,6,1,1,1,1,1,1,0,0,1,0,1
BAT-18379,2021-01-27T09:50:58.760-0800,2021-03-15T14:15:25.325-0700,2021-05-11T06:14:30.560-0700,103,56,6,1,1,0,2,1,1,0,0,0,0,0
BAT-18369,2021-01-27T06:17:08.456-0800,2021-02-10T06:41:45.294-0800,2021-03-31T07:41:42.210-0700,63,48,4,1,1,1,0,0,1,0,0,0,0,1
BAT-18343,2021-01-26T13:54:58.470-0800,2021-10-27T09:30:00.538-0700,2021-11-10T01:22:29.487-0800,287,13,2,1,0,1,0,0,0,0,0,1,0,0
BAT-18311,2021-01-25T11:46:26.874-0800,2021-03-30T09:38:13.444-0700,2021-05-19T05:11:02.163-0700,113,49,2,1,0,1,0,0,0,0,0,1,0,1
BAT-18306,2021-01-25T08:40:40.690-0800,2021-02-08T12:09:19.015-0800,2021-03-29T06:59:05.683-0700,62,48,2,0,1,0,0,1,0,0,0,1,0,2
BAT-18279,2021-01-23T11:51:12.652-0800,2021-01-30T09:48:21.498-0800,2021-03-22T08:06:04.025-0700,57,50,3,1,1,1,0,0,0,0,0,0,0,1
BAT-18276,2021-01-23T11:50:06.245-0800,2021-03-02T17:37:52.504-0800,2021-05-12T10:36:18.429-0700,108,70,2,1,0,1,0,0,0,0,0,0,0,0
BAT-18269,2021-01-23T11:48:32.689-0800,2021-06-23T06:47:37.164-0700,2021-08-19T04:12:39.016-0700,207,56,6,1,1,1,1,1,1,0,0,3,0,0
BAT-18256,2021-01-22T15:03:16.087-0800,2021-03-11T12:48:53.882-0800,2021-03-26T06:38:41.262-0700,62,14,4,1,1,1,0,0,1,0,0,0,0,0
BAT-18251,2021-01-22T13:45:37.839-0800,2021-01-22T13:52:27.801-0800,2021-03-02T13:22:46.737-0800,38,38,2,0,0,0,0,1,1,0,0,0,0,1
BAT-18199,2021-01-21T05:58:55.021-0800,2021-03-11T08:14:39.644-0800,2021-03-17T09:32:38.910-0700,55,6,6,1,1,1,1,1,1,0,0,2,0,2
BAT-18196,2021-01-20T15:27:52.473-0800,2021-02-05T07:45:42.658-0800,2021-03-17T14:21:50.046-0700,55,40,2,1,0,0,1,0,0,0,0,2,0,1
BAT-18193,2021-01-20T11:48:36.762-0800,2021-11-09T09:23:21.079-0800,2021-11-09T09:40:34.616-0800,292,0,1,1,0,0,0,0,0,0,0,5,1,1
BAT-18190,2021-01-20T11:47:48.773-0800,2021-06-23T06:47:36.477-0700,2021-09-27T04:37:04.352-0700,249,95,2,1,0,1,0,0,0,0,0,0,0,0
BAT-18186,2021-01-20T09:40:50.692-0800,2021-04-22T06:29:44.017-0700,2021-05-27T05:52:55.929-0700,126,34,2,1,0,1,0,0,0,0,0,1,0,0
BAT-18177,2021-01-20T07:05:09.710-0800,2021-03-16T09:54:59.809-0700,2021-06-04T06:56:31.460-0700,134,79,2,0,1,0,0,0,1,0,0,1,0,0
BAT-18172,2021-01-19T13:20:37.627-0800,2021-03-24T14:59:42.990-0700,2021-05-21T07:14:07.741-0700,121,57,3,0,1,0,0,1,1,0,0,3,0,0
BAT-18170,2021-01-19T13:06:21.501-0800,2021-06-23T06:47:36.214-0700,2021-07-28T07:19:54.792-0700,189,35,1,1,0,0,0,0,0,0,0,0,1,0
BAT-18145,2021-01-15T09:34:04.044-0800,2021-04-13T07:12:04.044-0700,2021-06-01T12:47:10.678-0700,137,49,2,1,0,1,0,0,0,0,0,2,0,0
BAT-18137,2021-01-15T08:03:05.212-0800,2021-03-17T06:43:41.692-0700,2021-05-25T06:12:01.043-0700,129,68,6,1,1,1,1,1,1,0,0,2,0,0
BAT-18109,2021-01-13T12:51:48.033-0800,2021-01-27T09:55:32.230-0800,2021-04-26T08:37:44.139-0700,102,88,1,0,0,0,0,0,0,0,1,0,0,0
BAT-18080,2021-01-13T08:17:02.750-0800,2021-07-08T14:13:21.974-0700,2021-09-16T03:16:20.488-0700,245,69,6,1,1,1,1,1,1,0,0,1,1,0
BAT-18075,2021-01-13T08:16:44.112-0800,2021-02-22T14:39:16.381-0800,2021-05-20T09:41:12.179-0700,127,86,4,1,1,1,0,1,0,0,0,0,0,2
BAT-18065,2021-01-13T06:34:59.188-0800,2021-01-25T13:05:49.853-0800,2021-03-23T11:44:44.540-0700,69,56,6,1,1,1,1,1,1,0,0,0,1,1
BAT-18058,2021-01-12T13:05:54.198-0800,2021-03-10T11:02:18.160-0800,2021-04-20T10:56:14.508-0700,97,40,1,1,0,0,0,0,0,0,0,1,0,0
BAT-18054,2021-01-12T11:52:35.158-0800,2021-01-21T13:00:34.009-0800,2021-04-01T10:41:11.590-0700,78,69,3,0,0,0,0,0,1,1,1,1,0,0
BAT-18051,2021-01-12T11:51:52.220-0800,2021-03-08T15:58:45.962-0800,2021-04-15T12:06:04.314-0700,92,37,2,1,0,1,0,0,0,0,0,4,0,2
BAT-18033,2021-01-11T10:21:28.795-0800,2021-06-23T06:47:34.918-0700,2021-07-19T15:19:16.797-0700,189,26,4,0,1,0,0,1,1,0,1,0,0,0
BAT-18019,2021-01-11T08:47:55.761-0800,2021-06-23T06:47:34.801-0700,2021-07-19T15:15:45.101-0700,189,26,2,0,0,0,0,0,0,1,1,1,0,0
BAT-18010,2021-01-08T12:21:22.359-0800,2021-02-02T10:49:50.943-0800,2021-04-12T07:04:43.550-0700,93,68,1,0,0,0,0,0,0,1,0,0,0,0
BAT-18004,2021-01-08T11:36:10.279-0800,2021-06-23T06:47:34.472-0700,2021-11-08T02:27:24.570-0800,303,137,4,1,1,1,0,1,0,0,0,2,2,0
BAT-17999,2021-01-08T11:35:42.918-0800,2021-02-05T05:55:22.855-0800,2021-03-18T08:31:33.810-0700,68,41,4,0,1,0,1,1,1,0,0,0,0,0
BAT-17996,2021-01-08T11:34:35.799-0800,2021-02-16T12:52:02.117-0800,2021-05-25T07:07:30.360-0700,136,97,2,0,0,0,0,1,1,0,0,0,1,0
BAT-17966,2021-01-07T07:59:48.808-0800,2021-03-30T15:47:55.609-0700,2021-05-03T06:59:58.802-0700,115,33,2,1,0,1,0,0,0,0,0,1,0,1
BAT-17918,2021-01-06T07:18:11.495-0800,2021-01-25T13:50:58.035-0800,2021-03-15T06:41:27.535-0700,67,48,3,1,1,1,0,0,0,0,0,0,0,0
BAT-17880,2021-01-05T06:12:58.724-0800,2021-03-01T11:09:47.245-0800,2021-06-11T10:36:43.603-0700,157,101,1,0,0,0,0,0,0,0,1,0,0,0
BAT-17829,2020-12-22T14:30:04.003-0800,2021-04-16T12:01:51.794-0700,2021-05-03T07:03:09.693-0700,131,16,6,1,1,1,1,1,1,0,0,1,1,0
BAT-17810,2020-12-22T10:21:56.052-0800,2021-01-21T09:25:43.914-0800,2021-03-24T05:49:59.073-0700,91,61,6,1,1,1,1,1,1,0,0,2,0,1
BAT-17768,2020-12-21T07:17:58.946-0800,2021-01-12T07:14:07.262-0800,2021-03-26T09:42:25.924-0700,95,73,2,1,0,1,0,0,0,0,0,0,0,1
BAT-17714,2020-12-18T06:55:10.035-0800,2021-01-13T07:53:07.755-0800,2021-02-24T09:59:59.362-0800,68,42,2,1,0,1,0,0,0,0,0,0,1,1
BAT-17703,2020-12-17T11:28:29.319-0800,2021-02-01T10:46:51.518-0800,2021-04-13T07:21:19.224-0700,116,70,6,1,1,1,1,1,1,0,0,2,1,2
BAT-16897,2020-12-16T13:30:23.795-0800,2021-01-19T05:29:09.518-0800,2021-02-24T11:17:06.034-0800,69,36,2,0,0,0,0,1,1,0,0,0,0,1
BAT-16873,2020-12-16T07:34:57.698-0800,2021-01-08T09:52:19.416-0800,2021-02-25T11:59:24.729-0800,71,48,4,1,1,1,0,1,0,0,0,0,0,1
BAT-16859,2020-12-15T15:36:07.977-0800,2021-01-27T08:23:17.825-0800,2021-03-01T14:38:35.309-0800,75,33,6,1,1,1,1,1,1,0,0,1,1,1
BAT-16791,2020-12-14T06:43:11.374-0800,2021-01-21T14:24:03.714-0800,2021-03-16T06:47:36.848-0700,91,53,6,1,1,1,1,1,1,0,0,2,0,0
BAT-16748,2020-12-10T08:03:07.410-0800,2021-01-09T14:24:20.372-0800,2021-03-15T15:11:12.047-0700,95,64,2,1,0,1,0,0,0,0,0,1,0,0
BAT-16665,2020-12-07T08:56:15.774-0800,2021-01-19T14:56:48.754-0800,2021-03-03T10:48:10.454-0800,86,42,2,1,0,1,0,0,0,0,0,1,0,0
BAT-16662,2020-12-07T08:42:33.521-0800,2021-01-05T08:01:45.770-0800,2021-02-16T12:09:38.175-0800,71,42,4,1,1,0,0,1,1,0,0,0,0,0
BAT-16639,2020-12-04T12:01:38.702-0800,2021-06-23T06:47:26.669-0700,2021-08-18T05:41:52.889-0700,256,55,2,1,0,1,0,0,0,0,0,2,0,0
BAT-16630,2020-12-03T10:40:48.539-0800,2021-01-22T14:26:47.699-0800,2021-03-12T09:27:40.936-0800,98,48,2,1,0,1,0,0,0,0,0,1,0,1
BAT-16591,2020-12-02T14:47:57.089-0800,2021-02-26T12:16:44.934-0800,2021-04-26T08:05:39.409-0700,144,58,2,1,0,0,1,0,0,0,0,0,1,0
BAT-16584,2020-12-02T14:45:33.953-0800,2021-06-23T06:47:26.268-0700,2021-10-01T07:59:50.615-0700,302,100,8,1,1,0,2,1,1,1,1,2,3,1
BAT-16577,2020-12-02T12:14:53.494-0800,2021-06-23T06:47:26.183-0700,2021-09-13T04:45:38.141-0700,284,81,2,1,0,1,0,0,0,0,0,0,0,0
BAT-16562,2020-12-01T15:15:31.573-0800,2021-01-11T13:51:23.191-0800,2021-04-26T08:11:43.021-0700,145,104,7,1,1,0,2,1,1,0,1,2,0,1
BAT-16529,2020-11-30T11:01:08.694-0800,2021-06-23T06:47:25.794-0700,2021-11-01T11:17:33.646-0700,335,131,6,1,1,0,2,1,1,0,0,2,0,0
BAT-16520,2020-11-30T09:49:22.928-0800,2021-01-29T13:59:45.181-0800,2021-03-26T06:16:49.842-0700,115,55,2,1,0,1,0,0,0,0,0,0,0,1
BAT-16468,2020-11-24T07:09:07.161-0800,2021-01-19T08:13:53.043-0800,2021-03-11T08:47:16.424-0800,107,51,6,1,1,1,1,1,1,0,0,0,0,0
BAT-16456,2020-11-23T10:55:16.175-0800,2020-12-17T09:39:37.059-0800,2021-01-21T12:27:27.375-0800,59,35,6,1,1,1,1,1,1,0,0,2,1,0
BAT-16447,2020-11-23T06:29:11.199-0800,2021-02-17T06:26:21.586-0800,2021-03-08T07:06:07.140-0800,105,19,2,1,0,1,0,0,0,0,0,1,0,1
BAT-16430,2020-11-20T08:52:03.963-0800,2020-12-14T10:17:03.775-0800,2021-01-28T07:43:34.841-0800,68,44,6,1,1,1,1,1,1,0,0,1,1,1
BAT-16393,2020-11-17T09:08:55.617-0800,2020-11-30T13:40:13.002-0800,2021-02-09T13:49:47.062-0800,84,71,4,1,1,0,1,1,0,0,0,0,0,0
BAT-16380,2020-11-17T08:05:54.265-0800,2021-01-13T09:49:30.142-0800,2021-02-18T08:22:44.971-0800,93,35,6,1,1,0,2,1,1,0,0,1,1,1
BAT-16363,2020-11-16T12:33:39.774-0800,2020-12-01T08:41:50.393-0800,2021-02-09T13:57:27.342-0800,85,70,2,1,0,1,0,0,0,0,0,0,0,0
BAT-16338,2020-11-16T08:01:00.646-0800,2020-12-08T14:29:20.717-0800,2021-02-16T12:07:54.672-0800,92,69,2,1,0,1,0,0,0,0,0,1,0,0
BAT-16330,2020-11-13T12:29:59.178-0800,2021-01-29T11:56:29.715-0800,2021-04-26T07:20:49.756-0700,163,86,6,1,1,0,2,1,1,0,0,2,1,1
BAT-16325,2020-11-13T08:27:35.598-0800,2020-12-11T13:37:23.215-0800,2021-02-09T14:30:21.364-0800,88,60,4,1,0,1,1,0,1,0,0,2,1,0
BAT-16296,2020-11-12T09:37:09.356-0800,2020-12-08T06:51:49.239-0800,2021-02-09T14:18:10.140-0800,89,63,6,1,1,1,1,1,1,0,0,0,0,0
BAT-16293,2020-11-12T09:36:21.694-0800,2020-12-18T08:11:55.256-0800,2021-02-09T13:19:56.051-0800,89,53,2,1,0,1,0,0,0,0,0,0,1,0
BAT-16290,2020-11-12T09:35:22.443-0800,2020-12-03T10:12:17.746-0800,2021-02-09T14:23:00.360-0800,89,68,2,1,0,1,0,0,0,0,0,0,0,0
BAT-16275,2020-11-11T10:56:27.766-0800,2020-11-25T07:56:19.386-0800,2021-02-16T12:14:45.008-0800,97,83,2,1,0,0,0,0,1,0,0,0,0,0
BAT-16224,2020-11-09T15:51:46.243-0800,2021-01-13T08:58:35.251-0800,2021-02-11T11:09:36.641-0800,93,29,3,1,0,1,0,1,0,0,0,0,0,0
BAT-16210,2020-11-09T15:46:39.367-0800,2020-12-11T13:49:01.959-0800,2021-04-05T09:31:34.854-0700,146,114,6,1,1,1,1,1,1,0,0,0,1,1
BAT-16198,2020-11-09T09:13:58.782-0800,2021-01-04T09:58:39.248-0800,2021-05-26T05:38:25.368-0700,197,141,2,1,0,1,0,0,0,0,0,1,0,1
BAT-16086,2020-11-04T12:18:10.424-0800,2021-02-10T11:55:55.653-0800,2021-03-26T06:21:46.137-0700,141,43,1,1,0,0,0,0,0,0,0,1,0,0
BAT-16083,2020-11-04T10:16:18.436-0800,2020-11-12T08:00:28.979-0800,2021-02-16T11:24:27.926-0800,104,96,1,0,0,0,0,0,1,0,0,0,0,0
BAT-16066,2020-11-03T07:39:19.227-0800,2020-11-17T13:08:59.852-0800,2020-12-23T07:42:46.116-0800,50,35,2,1,0,1,0,0,0,0,0,0,0,1
BAT-16062,2020-11-03T05:20:14.170-0800,2021-01-25T13:38:27.081-0800,2021-03-19T08:35:17.310-0700,136,52,2,1,0,1,0,0,0,0,0,1,0,0
BAT-16060,2020-11-03T05:19:36.654-0800,2021-03-03T05:51:43.840-0800,2021-04-22T05:38:18.692-0700,169,49,1,1,0,0,0,0,0,0,0,0,0,0
BAT-16057,2020-11-03T05:19:04.098-0800,2021-02-17T05:40:36.790-0800,2021-04-05T05:57:24.010-0700,152,46,2,1,0,1,0,0,0,0,0,2,0,0
BAT-16054,2020-11-03T05:18:08.668-0800,2021-03-09T09:41:38.518-0800,2021-06-08T11:03:53.690-0700,217,91,2,1,0,1,0,0,0,0,0,0,0,1
BAT-16051,2020-11-03T05:17:12.952-0800,2021-04-06T07:01:11.281-0700,2021-05-06T12:09:53.172-0700,184,30,2,1,0,1,0,0,0,0,0,1,0,0
BAT-16038,2020-11-02T13:16:40.693-0800,2020-12-21T10:17:53.168-0800,2021-02-10T10:33:49.594-0800,99,51,2,1,0,1,0,0,0,0,0,1,0,1
BAT-15998,2020-10-29T10:04:33.311-0700,2020-12-01T10:16:38.995-0800,2021-02-09T13:55:30.378-0800,103,70,4,1,0,1,0,1,1,0,0,0,0,0
BAT-15994,2020-10-29T08:13:39.614-0700,2021-06-23T06:47:21.968-0700,2021-06-30T13:37:19.322-0700,244,7,1,0,0,0,0,0,1,0,0,1,0,0
BAT-15974,2020-10-29T06:25:12.054-0700,2021-03-02T05:35:07.090-0800,2021-06-22T07:17:28.462-0700,236,112,6,1,1,1,1,1,1,0,0,2,1,2
BAT-15971,2020-10-29T06:21:29.430-0700,2020-11-10T11:27:26.204-0800,2021-02-09T13:44:50.843-0800,103,91,2,1,0,1,0,0,0,0,0,1,0,0
BAT-15959,2020-10-28T10:21:56.371-0700,2020-11-17T10:13:47.610-0800,2021-02-16T09:56:48.955-0800,111,90,6,1,1,1,1,1,1,0,0,1,0,0
BAT-15939,2020-10-27T10:00:53.119-0700,2021-01-22T08:03:18.275-0800,2021-02-09T14:36:50.206-0800,105,18,2,1,0,1,0,0,0,0,0,0,0,1
BAT-15934,2020-10-27T09:59:48.188-0700,2021-02-03T13:15:28.153-0800,2021-04-27T10:30:47.096-0700,182,82,2,0,1,0,0,0,1,0,0,1,0,0
BAT-15930,2020-10-27T09:58:43.139-0700,2021-01-22T07:27:09.097-0800,2021-03-16T06:53:07.285-0700,139,52,1,0,0,0,0,0,1,0,0,0,0,0
BAT-15927,2020-10-27T09:58:25.678-0700,2021-02-08T10:58:04.483-0800,2021-04-16T08:13:25.453-0700,170,66,2,1,0,0,1,0,0,0,0,2,0,2
BAT-15920,2020-10-27T09:57:35.813-0700,2021-02-09T05:57:31.548-0800,2021-04-15T06:03:38.001-0700,169,64,2,1,0,1,0,0,0,0,0,1,0,0
BAT-15917,2020-10-27T09:57:10.065-0700,2020-12-21T07:29:24.180-0800,2021-03-17T14:29:28.751-0700,141,86,2,1,0,1,0,0,0,0,0,1,0,1
BAT-15913,2020-10-27T09:56:43.733-0700,2021-01-11T08:04:41.613-0800,2021-03-02T13:32:08.251-0800,126,50,3,1,0,1,0,0,1,0,0,1,0,2
BAT-15910,2020-10-27T09:56:05.180-0700,2020-12-17T15:01:24.644-0800,2021-05-11T08:51:00.315-0700,195,144,2,1,0,1,0,0,0,0,0,2,0,0
BAT-15907,2020-10-27T09:51:21.285-0700,2020-12-18T13:36:52.199-0800,2021-02-09T13:49:03.040-0800,105,53,2,1,0,1,0,0,0,0,0,1,0,0
BAT-15893,2020-10-26T14:14:27.422-0700,2020-12-08T09:43:38.640-0800,2021-02-09T14:40:56.185-0800,106,63,2,1,0,0,1,0,0,0,0,2,0,1
BAT-15880,2020-10-26T09:12:22.992-0700,2020-11-16T15:07:09.702-0800,2021-01-05T09:17:21.716-0800,71,49,2,1,0,1,0,0,0,0,0,1,0,0
BAT-15868,2020-10-26T07:54:07.702-0700,2021-06-23T06:47:20.287-0700,2021-07-08T12:41:55.970-0700,255,15,2,1,0,0,1,0,0,0,0,2,2,0
BAT-15817,2020-10-21T07:34:55.728-0700,2020-11-16T14:28:34.346-0800,2021-01-21T12:23:26.460-0800,92,65,4,0,1,1,1,0,1,0,0,1,0,0
BAT-15814,2020-10-21T07:09:30.024-0700,2021-01-21T07:49:58.077-0800,2021-04-01T11:01:27.663-0700,162,70,2,1,0,0,1,0,0,0,0,0,0,1
BAT-15811,2020-10-21T07:09:17.944-0700,2020-12-21T15:27:59.566-0800,2021-02-19T05:55:59.591-0800,120,59,2,1,0,1,0,0,0,0,0,0,0,0
BAT-15808,2020-10-20T11:55:49.741-0700,2020-11-02T12:14:14.387-0800,2020-12-22T13:37:26.155-0800,63,50,1,1,0,0,0,0,0,0,0,1,0,3
BAT-15799,2020-10-19T12:09:33.941-0700,2020-12-03T08:02:25.591-0800,2021-02-02T13:30:33.408-0800,106,61,2,1,0,1,0,0,0,0,0,1,0,2
BAT-15751,2020-10-16T12:47:04.911-0700,2020-11-17T07:28:19.259-0800,2021-03-26T10:45:06.682-0700,160,129,2,1,0,1,0,0,0,0,0,1,0,2
BAT-15725,2020-10-15T14:02:45.544-0700,2020-11-19T08:38:13.034-0800,2021-01-14T06:53:13.912-0800,90,55,6,1,1,1,1,1,1,0,0,1,0,0
BAT-15717,2020-10-15T07:27:31.424-0700,2020-10-26T08:09:11.648-0700,2021-03-01T08:55:26.470-0800,137,126,2,1,0,1,0,0,0,0,0,1,1,0
BAT-15631,2020-10-13T08:05:09.870-0700,2020-12-16T06:58:10.922-0800,2021-02-26T11:54:15.195-0800,136,72,6,1,1,1,1,1,1,0,0,1,1,0
BAT-15621,2020-10-12T14:40:19.902-0700,2020-11-12T06:43:33.446-0800,2021-03-04T13:03:21.168-0800,142,112,3,1,0,1,0,0,1,0,0,4,0,0
BAT-15600,2020-10-08T10:53:47.735-0700,2020-12-01T07:40:38.103-0800,2021-02-09T13:33:10.547-0800,124,70,1,0,0,0,0,0,1,0,0,0,0,0
BAT-15595,2020-10-08T09:48:55.953-0700,2020-11-09T10:36:40.322-0800,2020-12-22T12:55:55.317-0800,75,43,2,1,0,1,0,0,0,0,0,1,0,0
BAT-15570,2020-10-07T09:40:48.525-0700,2020-12-07T06:16:12.174-0800,2021-02-04T09:55:44.359-0800,120,59,2,1,0,1,0,0,0,0,0,2,0,2
BAT-15553,2020-10-07T06:19:24.146-0700,2020-12-08T11:56:13.512-0800,2020-12-22T09:46:00.568-0800,76,13,4,1,0,1,0,1,1,0,0,0,0,0
BAT-15339,2020-10-06T06:10:42.535-0700,2020-11-24T09:15:27.286-0800,2021-02-09T14:33:10.399-0800,126,77,6,1,1,1,1,1,1,0,0,1,0,1
BAT-15323,2020-10-05T14:11:46.732-0700,2021-06-23T06:47:16.858-0700,2021-10-11T07:18:20.705-0700,370,110,6,1,1,1,1,1,1,0,0,2,3,0
BAT-15317,2020-10-05T09:03:09.190-0700,2020-11-10T06:09:28.260-0800,2021-02-09T13:54:20.466-0800,127,91,2,1,0,1,0,0,0,0,0,1,0,0
BAT-14789,2020-09-30T08:31:53.477-0700,2020-10-01T13:21:23.105-0700,2020-12-04T06:22:41.702-0800,64,63,2,0,0,0,1,1,0,0,0,0,0,0
BAT-14660,2020-09-28T07:22:30.695-0700,2020-11-03T06:20:53.297-0800,2020-12-21T12:24:40.298-0800,84,48,2,1,0,0,1,0,0,0,0,0,0,0
BAT-14632,2020-09-25T09:15:49.948-0700,2020-10-15T09:29:12.097-0700,2021-04-07T11:46:51.529-0700,194,174,7,1,1,0,2,1,1,0,1,0,0,1
BAT-14629,2020-09-25T07:47:20.936-0700,2020-11-11T07:21:43.445-0800,2020-12-01T09:21:04.366-0800,67,20,2,1,0,1,0,0,0,0,0,1,0,1
BAT-14625,2020-09-25T07:38:14.446-0700,2020-10-20T13:55:31.450-0700,2020-12-22T08:16:20.364-0800,88,62,3,1,1,1,0,0,0,0,0,1,0,0
BAT-14617,2020-09-24T14:05:41.102-0700,2020-11-10T09:32:41.769-0800,2021-01-05T07:25:13.341-0800,102,55,6,1,1,0,2,1,1,0,0,1,0,0
BAT-14603,2020-09-24T12:04:30.367-0700,2020-11-24T06:43:10.776-0800,2021-01-05T08:19:09.044-0800,102,42,2,1,0,1,0,0,0,0,0,0,0,1
BAT-14530,2020-09-24T06:50:06.721-0700,2021-07-07T06:20:39.383-0700,2021-10-14T01:13:56.864-0700,384,98,6,1,1,1,1,1,1,0,0,0,0,0
BAT-14295,2020-09-22T14:44:09.618-0700,2020-11-23T13:46:25.385-0800,2021-01-04T07:55:04.052-0800,103,41,2,1,0,1,0,0,0,0,0,2,0,0
BAT-14288,2020-09-22T12:47:12.537-0700,2020-10-27T14:37:36.583-0700,2020-12-22T09:31:51.884-0800,90,55,2,1,0,1,0,0,0,0,0,3,0,1
BAT-14240,2020-09-22T08:23:45.274-0700,2020-09-28T14:04:21.400-0700,2020-10-05T11:59:55.416-0700,13,6,1,0,0,0,0,1,0,0,0,0,0,0
BAT-14221,2020-09-21T13:36:21.566-0700,2020-10-05T14:08:19.072-0700,2020-12-22T07:44:06.191-0800,91,77,6,1,1,0,2,1,1,0,0,1,0,1
BAT-14132,2020-09-18T13:24:01.590-0700,2020-12-11T09:44:40.884-0800,2021-04-29T07:42:42.030-0700,222,138,8,1,1,0,2,1,1,1,1,1,1,3
BAT-13874,2020-09-18T07:13:26.019-0700,2021-03-08T10:19:50.319-0800,2021-04-22T08:34:59.989-0700,216,44,6,1,1,1,1,1,1,0,0,3,0,0
BAT-13839,2020-09-17T07:14:25.097-0700,2020-12-03T08:06:10.871-0800,2021-02-12T06:47:46.135-0800,148,70,2,1,0,1,0,0,0,0,0,1,0,0
BAT-13834,2020-09-17T07:14:11.298-0700,2020-10-26T09:06:27.364-0700,2021-03-10T10:11:50.217-0800,174,135,4,1,1,1,1,0,0,0,0,1,0,3
BAT-13826,2020-09-16T10:46:16.702-0700,2020-10-01T08:45:59.077-0700,2020-12-22T07:20:24.128-0800,96,81,1,0,0,0,0,0,0,0,1,0,0,0
BAT-13817,2020-09-16T09:07:47.997-0700,2020-10-08T09:52:16.800-0700,2020-12-03T14:53:53.335-0800,78,56,6,1,1,1,1,1,1,0,0,3,1,2
BAT-13808,2020-09-15T10:42:43.575-0700,2020-11-20T12:19:56.964-0800,2021-01-21T06:18:25.938-0800,127,61,2,1,0,1,0,0,0,0,0,1,0,1
BAT-13800,2020-09-15T04:55:34.983-0700,2020-09-24T12:19:09.337-0700,2020-10-29T14:36:23.446-0700,44,35,2,0,0,0,0,1,1,0,0,0,0,0
BAT-13770,2020-09-13T21:06:03.971-0700,2020-11-09T05:39:59.207-0800,2021-02-09T13:44:05.887-0800,148,92,2,1,0,0,1,0,0,0,0,1,0,1
BAT-13725,2020-09-10T13:41:18.482-0700,2020-09-25T12:02:14.506-0700,2020-11-30T13:18:11.836-0800,81,66,1,0,0,0,0,0,1,0,0,0,0,1
BAT-13701,2020-09-09T14:15:12.879-0700,2021-01-29T10:00:25.966-0800,2021-03-17T12:17:45.386-0700,188,47,6,1,1,1,1,1,1,0,0,1,1,0
BAT-13646,2020-09-08T08:45:23.941-0700,2021-01-25T10:22:52.198-0800,2021-04-22T09:55:22.295-0700,226,86,2,1,0,1,0,0,0,0,0,1,0,2
BAT-13623,2020-09-04T07:28:09.402-0700,2020-09-23T13:36:13.396-0700,2020-11-30T12:43:29.024-0800,87,68,6,1,1,1,1,1,1,0,0,2,0,1
BAT-13597,2020-09-03T08:18:29.300-0700,2020-10-22T08:40:36.109-0700,2020-12-10T07:55:26.357-0800,98,49,6,1,1,1,1,1,1,0,0,0,1,1
BAT-13591,2020-09-03T07:31:49.559-0700,2020-11-23T06:36:40.148-0800,2021-01-25T12:44:26.729-0800,144,63,2,1,0,1,0,0,0,0,7,0,0,0
BAT-13588,2020-09-03T06:47:21.800-0700,2021-02-09T05:46:19.191-0800,2021-05-18T14:35:45.963-0700,257,98,2,1,0,1,0,0,0,0,0,0,0,1
BAT-13581,2020-09-03T06:43:16.075-0700,2021-03-23T14:29:27.432-0700,2021-05-27T13:23:03.050-0700,266,64,6,1,1,1,1,1,1,0,0,1,0,1
BAT-13578,2020-09-03T06:35:50.050-0700,2020-12-14T14:21:16.179-0800,2021-04-26T08:09:35.582-0700,235,132,2,1,0,1,0,0,0,0,0,2,1,2
BAT-13546,2020-09-01T10:09:06.554-0700,2020-09-22T15:08:59.592-0700,2020-10-28T07:34:00.400-0700,56,35,2,1,0,1,0,0,0,0,0,1,1,1
BAT-13536,2020-09-01T07:00:59.327-0700,2020-09-15T07:52:01.494-0700,2020-11-30T12:51:15.518-0800,90,76,6,1,1,1,1,1,1,0,0,0,0,1
BAT-13529,2020-09-01T06:41:36.100-0700,2020-10-29T12:53:22.687-0700,2020-12-09T13:59:31.577-0800,99,41,6,7,0,0,0,0,0,0,0,1,0,0
BAT-13527,2020-09-01T06:27:46.897-0700,2020-11-13T09:21:08.800-0800,2020-12-22T09:50:52.095-0800,112,39,1,1,0,0,0,0,0,0,0,1,0,0
BAT-13489,2020-08-27T14:36:08.041-0700,2020-11-16T15:34:11.167-0800,2020-12-10T08:10:07.500-0800,104,23,6,1,1,0,2,1,1,0,0,1,0,1
BAT-13471,2020-08-27T07:32:47.887-0700,2020-10-22T06:36:39.062-0700,2020-12-10T08:02:51.419-0800,105,49,2,1,0,1,0,0,0,0,0,2,0,0
BAT-13468,2020-08-26T14:59:01.083-0700,2020-11-05T06:55:35.479-0800,2020-12-01T13:36:34.876-0800,96,26,2,1,0,1,0,0,0,0,0,1,0,1
BAT-13459,2020-08-26T08:54:47.700-0700,2020-10-21T14:16:34.680-0700,2020-12-14T12:28:48.535-0800,110,53,6,1,1,1,1,1,1,0,0,0,0,0
BAT-13442,2020-08-25T13:36:47.682-0700,2020-10-13T08:54:35.773-0700,2020-12-09T14:08:40.714-0800,106,57,6,1,1,1,1,1,1,0,0,2,0,0
BAT-13436,2020-08-25T13:36:09.015-0700,2020-10-15T15:08:15.242-0700,2020-11-09T10:41:16.167-0800,75,24,2,1,0,1,0,0,0,0,0,0,0,1
BAT-13429,2020-08-25T12:54:42.718-0700,2021-01-04T12:30:45.150-0800,2021-03-16T06:42:58.736-0700,202,70,6,1,1,1,1,1,1,0,0,1,0,0
BAT-13423,2020-08-25T10:04:34.565-0700,2020-09-28T13:04:34.112-0700,2020-11-30T12:37:26.351-0800,97,63,2,1,0,1,0,0,0,0,0,0,0,0
BAT-13326,2020-08-20T14:49:03.703-0700,2020-12-03T07:37:25.480-0800,2021-01-20T10:56:38.252-0800,152,48,6,1,1,0,2,1,1,0,0,1,1,1
BAT-13283,2020-08-20T08:28:04.942-0700,2020-10-22T06:58:38.227-0700,2020-12-09T14:56:08.577-0800,111,48,2,1,0,0,1,0,0,0,0,0,0,1
BAT-13242,2020-08-19T13:54:01.664-0700,2020-08-27T15:10:21.790-0700,2020-10-16T11:31:45.389-0700,57,49,2,1,0,1,0,0,0,0,0,0,1,0
BAT-13225,2020-08-18T13:28:58.306-0700,2021-01-12T13:57:03.393-0800,2021-02-09T14:20:39.463-0800,175,28,2,1,0,0,1,0,0,0,0,0,0,0
BAT-13223,2020-08-18T12:37:28.157-0700,2020-10-14T07:58:07.148-0700,2020-12-10T09:01:15.795-0800,113,57,1,0,0,0,0,0,0,0,1,0,0,0
BAT-13219,2020-08-18T09:10:31.799-0700,2021-01-04T13:41:31.437-0800,2021-02-10T15:00:15.931-0800,176,37,3,1,1,1,0,0,0,0,0,1,0,1
BAT-13212,2020-08-18T06:47:41.700-0700,2020-10-12T08:49:48.203-0700,2021-03-18T07:53:53.974-0700,212,156,6,1,1,1,1,1,1,0,0,3,0,1
BAT-13196,2020-08-17T08:35:30.721-0700,2020-09-23T06:55:08.720-0700,2020-11-30T12:54:30.238-0800,105,68,2,1,0,1,0,0,0,0,0,1,1,0
BAT-13193,2020-08-17T08:34:06.330-0700,2020-10-07T14:12:20.227-0700,2020-12-09T14:16:23.334-0800,114,63,2,1,0,1,0,0,0,0,0,0,0,1
BAT-13166,2020-08-14T07:25:12.363-0700,2020-10-19T06:13:14.111-0700,2021-02-09T13:32:00.366-0800,179,113,3,1,1,1,0,0,0,0,0,1,1,1
BAT-13149,2020-08-13T10:32:09.990-0700,2020-11-17T06:18:01.874-0800,2021-02-09T13:41:25.298-0800,180,84,6,1,1,1,1,1,1,0,0,1,0,0
BAT-13128,2020-08-12T15:04:59.994-0700,2020-08-19T11:07:38.746-0700,2020-10-19T14:48:58.685-0700,67,61,2,1,0,1,0,0,0,0,0,0,0,0
BAT-13114,2020-08-12T10:56:30.633-0700,2020-09-28T06:34:06.487-0700,2020-12-04T06:08:13.637-0800,113,67,2,1,0,1,0,0,0,0,0,1,1,0
BAT-13107,2020-08-12T10:56:10.404-0700,2020-10-21T09:23:30.553-0700,2020-11-03T08:11:40.124-0800,82,12,6,1,1,1,1,1,1,0,0,0,0,1
BAT-13072,2020-08-10T15:45:27.999-0700,2020-11-13T09:23:41.336-0800,2021-01-21T06:47:07.868-0800,163,68,6,1,1,1,1,1,1,0,0,3,0,0
BAT-13065,2020-08-10T15:01:19.873-0700,2020-10-02T13:13:53.340-0700,2020-11-17T09:38:12.703-0800,98,45,6,1,1,0,2,1,1,0,0,0,0,1
BAT-13060,2020-08-10T14:40:35.109-0700,2020-09-10T11:02:24.541-0700,2020-12-11T14:40:20.964-0800,123,92,4,1,1,1,0,1,0,0,0,1,0,2
BAT-12892,2020-08-10T08:43:45.384-0700,2020-09-14T09:00:46.659-0700,2020-10-16T11:56:03.002-0700,67,32,6,1,1,1,1,1,1,0,0,2,0,0
BAT-12880,2020-08-07T13:29:32.561-0700,2020-08-27T14:51:55.482-0700,2020-12-14T14:36:17.524-0800,129,109,8,1,1,1,1,1,1,1,1,2,1,0
BAT-12167,2020-08-07T07:03:45.333-0700,2020-09-23T09:12:14.141-0700,2020-10-14T07:27:12.572-0700,68,20,3,1,0,0,1,0,1,0,0,1,1,1
BAT-12160,2020-08-06T12:56:37.845-0700,2020-11-06T14:23:38.005-0800,2020-12-22T08:49:35.157-0800,137,45,1,1,0,0,0,0,0,0,0,1,0,1
BAT-12144,2020-08-06T07:04:14.196-0700,2020-10-15T07:34:57.273-0700,2020-12-09T14:29:44.708-0800,125,55,2,1,0,1,0,0,0,0,0,1,0,1
BAT-12137,2020-08-06T06:39:07.671-0700,2020-09-21T14:11:44.159-0700,2020-10-08T11:25:57.702-0700,63,16,6,1,1,0,2,1,1,0,0,1,1,1
BAT-12134,2020-08-06T06:33:17.021-0700,2020-10-06T10:38:31.301-0700,2020-10-20T16:30:29.876-0700,75,14,2,1,0,0,0,0,1,0,0,4,1,0
BAT-12091,2020-08-03T16:30:55.441-0700,2020-09-30T08:25:17.091-0700,2020-10-30T10:19:04.960-0700,87,30,2,1,0,1,0,0,0,0,0,2,0,0
BAT-12088,2020-08-03T16:30:43.280-0700,2020-08-07T11:47:34.141-0700,2020-09-24T08:30:36.656-0700,51,47,2,1,0,0,0,0,1,0,0,0,0,0
BAT-12057,2020-08-03T07:14:33.403-0700,2020-11-12T13:58:24.349-0800,2020-12-22T14:17:54.112-0800,141,40,2,1,0,1,0,0,0,0,0,1,0,0
BAT-12030,2020-07-30T09:52:12.899-0700,2020-08-11T08:54:16.638-0700,2020-10-20T08:51:59.354-0700,81,69,2,1,0,0,1,0,0,0,0,1,0,2
BAT-12013,2020-07-29T07:05:04.736-0700,2020-09-03T12:38:07.164-0700,2020-10-14T08:30:12.138-0700,77,40,1,1,0,0,0,0,0,0,0,0,1,0
BAT-12010,2020-07-29T06:15:15.547-0700,2020-08-26T13:54:08.594-0700,2020-11-30T12:33:48.694-0800,124,95,2,1,0,1,0,0,0,0,0,2,0,0
BAT-12005,2020-07-28T13:42:08.119-0700,2020-08-21T11:06:19.013-0700,2020-10-28T07:29:07.211-0700,91,67,4,1,1,0,1,0,1,0,0,4,0,0
BAT-12001,2020-07-28T08:48:18.906-0700,2020-10-20T08:32:48.905-0700,2021-01-04T16:07:42.475-0800,160,76,2,0,0,0,0,1,1,0,0,1,0,2
BAT-11985,2020-07-27T11:34:05.102-0700,2020-10-06T14:46:28.314-0700,2020-12-04T06:12:38.941-0800,129,58,2,1,0,1,0,0,0,0,0,2,0,3
BAT-11969,2020-07-24T11:25:26.654-0700,2020-08-07T11:55:01.744-0700,2020-09-24T08:34:01.171-0700,61,47,1,0,0,0,0,1,0,0,0,0,0,0
BAT-11944,2020-07-23T12:45:22.607-0700,2020-10-02T09:50:58.569-0700,2020-10-21T10:34:59.285-0700,89,19,6,1,1,1,1,1,1,0,0,1,0,0
BAT-11937,2020-07-23T06:39:27.926-0700,2020-09-08T13:47:29.545-0700,2021-06-07T11:30:00.176-0700,319,271,2,1,0,1,0,0,0,0,0,1,1,4
BAT-11878,2020-07-22T09:56:33.939-0700,2020-11-05T07:13:12.199-0800,2020-12-23T08:06:22.753-0800,153,48,6,1,1,1,1,1,1,0,0,0,1,1
BAT-11855,2020-07-21T13:59:44.045-0700,2020-08-20T09:16:07.884-0700,2020-10-14T08:41:11.711-0700,84,54,2,1,0,1,0,0,0,0,0,1,1,2
BAT-11838,2020-07-21T08:53:42.491-0700,2020-08-25T09:27:02.991-0700,2021-02-18T11:23:02.641-0800,212,177,2,1,0,1,0,0,0,0,0,1,0,4
BAT-11837,2020-07-21T08:26:04.927-0700,2021-02-01T14:01:33.017-0800,2021-03-29T06:17:42.559-0700,250,55,6,1,1,1,1,1,1,0,0,1,1,1
BAT-11781,2020-07-16T11:01:10.871-0700,2020-08-10T13:45:27.930-0700,2020-09-29T06:47:24.123-0700,74,49,8,1,1,0,2,2,1,1,1,0,0,2
BAT-11689,2020-07-13T16:30:04.146-0700,2020-08-18T08:12:12.014-0700,2020-09-01T11:14:47.456-0700,49,14,3,1,1,1,0,0,0,0,0,1,0,1
BAT-11679,2020-07-13T13:44:49.182-0700,2021-01-27T14:14:18.459-0800,2021-04-22T05:50:03.992-0700,282,84,6,1,1,1,1,1,1,0,0,3,2,3
BAT-11676,2020-07-13T12:59:59.298-0700,2020-09-22T10:08:57.939-0700,2020-10-14T07:07:29.324-0700,92,21,2,0,1,0,0,0,1,0,0,3,0,0
BAT-11667,2020-07-13T12:05:00.614-0700,2020-07-30T08:12:37.508-0700,2020-10-14T07:14:46.608-0700,92,75,2,1,0,0,1,0,0,0,0,2,1,0
BAT-11660,2020-07-13T08:29:50.725-0700,2020-08-14T08:09:14.224-0700,2020-08-20T10:32:36.919-0700,38,6,2,0,1,0,1,0,0,0,0,0,0,0
BAT-11652,2020-07-13T05:08:14.407-0700,2020-08-17T13:58:41.885-0700,2021-01-05T06:38:36.305-0800,176,140,6,1,1,1,1,1,1,0,0,3,0,5
BAT-11616,2020-07-09T06:54:42.211-0700,2020-09-14T07:52:33.684-0700,2020-10-19T15:22:21.510-0700,102,35,6,1,1,0,2,1,1,0,0,0,0,0
BAT-11609,2020-07-09T06:52:23.095-0700,2020-08-19T12:21:00.049-0700,2020-10-07T12:48:42.878-0700,90,49,6,13,0,0,0,0,0,0,0,0,0,0
BAT-11576,2020-07-07T16:42:52.312-0700,2021-06-23T06:46:52.228-0700,2021-08-24T07:55:34.786-0700,412,62,6,1,1,0,2,1,1,0,0,0,0,0
BAT-11573,2020-07-07T15:19:03.659-0700,2020-07-14T14:38:17.120-0700,2020-09-14T06:47:26.312-0700,68,61,2,0,1,0,0,0,1,0,0,0,0,0
BAT-11541,2020-07-02T18:18:42.820-0700,2020-07-14T14:38:17.754-0700,2020-08-05T10:23:19.871-0700,33,21,1,0,0,0,0,1,0,0,0,0,0,1
BAT-11536,2020-07-02T10:05:54.473-0700,2020-08-31T12:02:41.262-0700,2020-12-08T09:50:23.588-0800,159,98,4,1,1,1,0,1,0,0,0,2,1,3
BAT-11526,2020-07-01T16:41:06.551-0700,2020-09-10T06:01:26.109-0700,2020-09-22T07:08:59.569-0700,82,12,2,1,0,1,0,0,0,0,0,2,0,0
BAT-11515,2020-07-01T11:43:53.256-0700,2020-08-19T09:48:14.053-0700,2020-10-01T15:11:33.178-0700,92,43,8,1,1,0,2,1,1,1,1,1,1,2
BAT-11504,2020-07-01T08:49:58.358-0700,2020-10-26T08:32:23.180-0700,2020-11-11T10:51:25.455-0800,133,16,6,1,1,1,1,1,1,0,0,3,1,2
BAT-11498,2020-06-30T15:48:29.629-0700,2020-08-20T11:21:38.701-0700,2020-10-13T08:41:08.524-0700,104,53,2,1,0,0,1,0,0,0,0,1,0,0
BAT-11491,2020-06-30T11:24:19.103-0700,2020-08-25T15:15:17.558-0700,2020-09-24T06:42:28.749-0700,85,29,2,1,0,1,0,0,0,0,0,2,1,0
BAT-11482,2020-06-30T09:21:46.760-0700,2020-09-17T19:49:01.552-0700,2020-10-13T08:47:38.126-0700,104,25,6,1,1,1,1,1,1,0,0,2,1,1
BAT-11475,2020-06-30T09:06:25.552-0700,2020-08-05T13:20:47.124-0700,2020-09-29T16:22:30.397-0700,91,55,6,1,1,1,1,1,1,0,0,0,1,0
BAT-11459,2020-06-29T10:11:01.355-0700,2020-08-17T14:52:16.192-0700,2020-09-03T11:50:06.168-0700,66,16,1,0,0,0,0,0,1,0,0,0,0,0
BAT-11019,2020-06-25T11:09:30.232-0700,2020-08-11T09:27:41.844-0700,2020-09-10T07:42:29.429-0700,76,29,4,1,1,1,0,0,1,0,0,0,0,0
BAT-11012,2020-06-25T10:26:22.653-0700,2020-08-11T10:22:51.694-0700,2020-09-15T15:34:06.279-0700,82,35,6,1,1,1,1,1,1,0,0,0,0,1
BAT-10998,2020-06-25T07:40:06.890-0700,2020-07-21T12:40:58.648-0700,2020-09-23T15:12:17.212-0700,90,64,2,1,0,1,0,0,0,0,0,1,1,0
BAT-10993,2020-06-24T08:45:38.664-0700,2020-08-05T08:11:00.939-0700,2020-09-24T07:08:18.183-0700,91,49,2,1,0,1,0,0,0,0,0,1,0,0
BAT-10973,2020-06-23T11:10:53.099-0700,2020-07-14T14:38:17.332-0700,2020-08-20T08:56:57.617-0700,57,36,2,1,0,0,0,1,0,0,0,1,0,0
BAT-10917,2020-06-23T06:29:38.665-0700,2020-08-11T12:36:21.621-0700,2020-08-28T07:29:49.438-0700,66,16,2,1,0,1,0,0,0,0,0,1,0,0
BAT-10872,2020-06-22T13:40:17.318-0700,2020-08-24T10:04:06.734-0700,2020-09-22T17:32:55.947-0700,92,29,2,1,0,1,0,0,0,0,0,2,1,1
BAT-10869,2020-06-22T12:54:10.993-0700,2020-08-20T07:22:42.733-0700,2020-10-30T10:25:26.699-0700,129,71,2,1,0,1,0,0,0,0,0,1,0,0
BAT-10501,2020-06-18T11:56:35.641-0700,2020-09-08T12:17:03.663-0700,2020-10-15T13:04:57.178-0700,119,37,1,1,0,0,0,0,0,0,0,0,0,2
BAT-10474,2020-06-17T11:51:21.551-0700,2020-08-11T12:13:51.736-0700,2020-09-29T08:39:40.747-0700,103,48,6,1,1,1,1,1,1,0,0,1,0,2
BAT-10466,2020-06-17T11:19:07.205-0700,2020-07-14T14:38:17.347-0700,2020-08-21T07:11:50.529-0700,64,37,6,1,1,1,1,1,1,0,0,1,0,0
BAT-10462,2020-06-17T09:17:21.681-0700,2020-07-31T15:05:10.139-0700,2020-08-24T10:16:04.688-0700,68,23,3,1,1,1,0,0,0,0,0,1,1,0
BAT-10451,2020-06-16T15:27:44.053-0700,2020-07-14T14:38:17.708-0700,2020-08-10T12:35:56.238-0700,54,26,1,0,0,0,0,1,0,0,0,0,0,0
BAT-10442,2020-06-16T10:16:24.644-0700,2020-08-12T14:38:22.396-0700,2020-09-14T08:22:57.274-0700,89,32,2,1,0,1,0,0,0,0,0,2,1,1
BAT-10215,2020-06-10T11:53:40.467-0700,2020-08-04T10:38:13.728-0700,2020-10-12T09:32:35.215-0700,123,68,4,0,1,0,1,1,1,0,0,0,0,0
BAT-10205,2020-06-10T05:08:30.647-0700,2021-06-23T06:46:44.420-0700,2021-07-06T09:12:59.344-0700,391,13,6,1,1,0,2,1,1,0,0,4,1,2
BAT-9935,2020-06-09T06:52:20.321-0700,2020-07-27T14:48:30.280-0700,2020-08-10T06:52:53.102-0700,62,13,6,1,1,0,2,1,1,0,0,0,1,1
BAT-9758,2020-06-08T11:29:50.675-0700,2020-09-21T07:55:30.905-0700,2020-12-09T10:34:50.596-0800,184,79,2,1,0,1,0,0,0,0,0,2,0,3
BAT-9726,2020-06-05T08:03:59.341-0700,2020-07-24T06:39:26.563-0700,2020-08-21T07:08:23.157-0700,76,28,6,1,1,1,1,1,1,0,0,0,1,1
BAT-9722,2020-06-04T11:28:55.042-0700,2020-11-06T08:29:15.820-0800,2021-01-25T08:05:27.828-0800,234,79,2,1,0,1,0,0,0,0,0,0,0,3
BAT-9683,2020-06-03T10:19:49.175-0700,2020-08-19T06:11:47.714-0700,2020-10-06T10:38:25.049-0700,125,48,2,1,0,1,0,0,0,0,0,0,1,1
BAT-9676,2020-06-03T10:14:45.568-0700,2020-08-13T15:26:07.719-0700,2020-09-24T08:25:40.684-0700,112,41,6,1,1,1,1,1,1,0,0,1,1,0
BAT-9660,2020-06-03T06:54:57.188-0700,2020-07-23T09:46:38.837-0700,2020-08-21T08:31:12.438-0700,79,28,6,1,1,1,1,1,1,0,0,0,0,0
BAT-9643,2020-06-02T11:44:03.910-0700,2020-09-06T13:15:49.002-0700,2020-10-14T07:01:37.444-0700,133,37,6,1,1,1,1,1,1,0,0,1,1,2
BAT-9636,2020-06-02T09:40:03.920-0700,2020-11-06T11:00:50.243-0800,2021-04-01T10:32:53.227-0700,303,145,6,1,1,1,1,1,1,0,0,0,1,1
BAT-9627,2020-06-02T09:39:02.128-0700,2020-10-27T12:37:15.392-0700,2021-04-19T10:39:33.840-0700,321,173,8,1,1,0,2,1,1,1,1,0,1,0
BAT-9619,2020-06-02T08:43:23.907-0700,2020-08-21T08:20:21.829-0700,2020-10-14T06:58:10.015-0700,133,53,6,1,1,1,1,1,1,0,0,0,0,0
BAT-9606,2020-06-02T07:02:09.736-0700,2020-08-06T13:18:55.977-0700,2020-10-05T11:06:18.202-0700,125,59,6,1,1,0,2,1,1,0,0,1,1,0
BAT-9588,2020-06-02T06:29:53.561-0700,2020-08-06T12:06:13.568-0700,2020-10-12T09:14:37.394-0700,132,66,6,1,1,1,1,1,1,0,0,1,1,1
BAT-9585,2020-06-02T06:19:45.787-0700,2020-07-31T06:58:52.368-0700,2020-09-08T13:12:48.810-0700,98,39,2,1,0,1,0,0,0,0,0,0,0,0
BAT-9582,2020-06-02T06:15:47.819-0700,2020-07-28T12:20:00.918-0700,2020-08-10T10:01:26.905-0700,69,12,2,1,0,1,0,0,0,0,0,1,0,0
BAT-9538,2020-05-28T12:10:50.843-0700,2020-11-03T11:03:29.009-0800,2020-12-22T07:39:18.869-0800,207,48,2,1,0,1,0,0,0,0,0,3,0,0
BAT-9523,2020-05-28T08:03:53.768-0700,2020-09-09T14:55:34.460-0700,2020-12-22T07:30:26.954-0800,208,103,6,1,1,1,1,1,1,0,0,2,1,1
BAT-9520,2020-05-28T08:02:51.464-0700,2020-09-24T14:51:09.207-0700,2020-11-09T10:43:59.604-0800,165,45,2,1,1,0,0,0,0,0,0,3,0,1
BAT-9511,2020-05-27T15:44:53.689-0700,2020-08-10T07:51:42.038-0700,2020-08-25T07:01:45.657-0700,89,14,6,1,1,1,1,1,1,0,0,0,0,0
BAT-9501,2020-05-27T14:12:29.046-0700,2020-09-09T12:15:42.251-0700,2020-10-12T09:21:21.806-0700,137,32,6,1,1,1,1,1,1,0,0,2,1,2
BAT-9465,2020-05-26T11:21:48.106-0700,2020-08-10T09:31:09.795-0700,2020-08-31T07:41:00.480-0700,96,20,6,1,1,0,2,1,1,0,0,1,1,2
BAT-9410,2020-05-21T07:22:48.221-0700,2020-07-07T14:27:16.663-0700,2020-09-10T09:19:31.771-0700,112,64,6,1,1,1,1,1,1,0,0,1,0,2
BAT-9405,2020-05-21T06:45:05.121-0700,2020-09-15T08:35:59.164-0700,2020-10-14T08:24:48.326-0700,146,28,2,1,0,1,0,0,0,0,0,2,0,0
BAT-9402,2020-05-21T06:42:33.707-0700,2020-07-28T10:36:04.658-0700,2020-09-22T16:11:22.101-0700,124,56,2,1,0,1,0,0,0,0,0,2,1,1
BAT-9372,2020-05-19T12:12:31.095-0700,2021-06-30T14:39:51.851-0700,2021-11-14T23:38:36.951-0800,544,137,6,1,1,1,1,1,1,0,0,1,1,0
BAT-9352,2020-05-18T15:35:48.354-0700,2020-07-14T14:38:17.616-0700,2020-08-04T14:08:55.268-0700,77,20,2,1,0,1,0,0,0,0,0,1,1,1
BAT-8762,2020-05-15T12:55:03.588-0700,2020-07-14T14:38:17.596-0700,2020-08-17T12:15:41.293-0700,93,33,4,1,1,1,0,0,1,0,0,2,1,0
BAT-8712,2020-05-15T08:54:06.938-0700,2020-07-10T10:59:19.568-0700,2020-08-03T07:55:48.259-0700,79,23,6,1,1,1,1,1,1,0,0,0,0,1
BAT-8671,2020-05-14T14:21:42.674-0700,2020-10-15T09:05:04.038-0700,2021-01-27T09:43:59.593-0800,257,104,6,1,1,1,1,1,1,0,0,2,1,3
BAT-8639,2020-05-12T11:02:58.872-0700,2020-10-26T14:39:06.869-0700,2021-01-22T14:59:36.203-0800,255,88,4,1,1,1,1,0,0,0,0,0,0,1
BAT-8636,2020-05-12T10:38:10.381-0700,2020-07-14T14:14:43.374-0700,2020-08-12T07:50:02.692-0700,91,28,2,1,0,1,0,0,0,0,0,2,1,0
BAT-8617,2020-05-11T13:22:50.445-0700,2020-05-22T07:22:35.282-0700,2020-06-18T07:27:39.913-0700,37,27,6,1,1,1,1,1,1,0,0,2,0,1
BAT-8611,2020-05-11T06:55:19.748-0700,2020-07-15T11:24:37.957-0700,2020-07-27T10:20:16.319-0700,77,11,2,1,0,1,0,0,0,0,0,0,0,0
BAT-8609,2020-05-08T15:23:37.584-0700,2020-07-08T08:55:06.434-0700,2020-08-12T07:22:19.552-0700,95,34,1,0,1,0,0,0,0,0,0,0,0,0
BAT-8606,2020-05-08T13:51:36.920-0700,2020-07-01T11:26:07.259-0700,2020-08-03T08:49:37.307-0700,86,32,2,1,0,1,0,0,0,0,0,0,0,2
BAT-8594,2020-05-07T17:56:12.804-0700,2020-07-01T09:14:53.269-0700,2020-08-04T12:32:08.173-0700,88,34,1,0,0,0,0,0,0,0,1,0,0,0
BAT-8591,2020-05-07T16:11:01.545-0700,2020-07-20T06:42:50.524-0700,2020-10-05T10:55:20.523-0700,150,77,2,1,0,1,0,0,0,0,0,2,0,0
BAT-8585,2020-05-07T12:45:25.810-0700,2020-12-11T12:10:40.271-0800,2021-02-24T09:51:21.282-0800,292,74,2,1,0,1,0,0,0,0,0,1,0,1
BAT-8578,2020-05-06T18:25:33.174-0700,2020-08-20T10:16:13.089-0700,2020-11-19T14:39:57.051-0800,196,91,2,1,0,1,0,0,0,0,0,0,0,0
BAT-8551,2020-05-05T13:07:41.015-0700,2020-05-12T10:24:11.729-0700,2020-10-20T16:37:09.046-0700,168,161,3,1,1,1,0,0,0,0,0,3,2,2
BAT-8526,2020-05-05T06:18:42.755-0700,2020-08-24T11:17:38.471-0700,2020-10-07T09:03:29.424-0700,155,43,2,1,0,0,1,0,0,0,0,1,0,0
BAT-8490,2020-04-30T05:37:45.434-0700,2020-06-18T06:36:50.273-0700,2020-06-30T11:38:02.429-0700,61,12,1,0,1,0,0,0,0,0,0,0,0,0
BAT-8479,2020-04-29T10:46:35.097-0700,2020-07-29T14:16:03.178-0700,2020-10-29T06:45:29.532-0700,182,91,1,1,0,0,0,0,0,0,0,2,0,3
BAT-8469,2020-04-29T10:02:49.597-0700,2020-07-16T07:53:05.102-0700,2021-01-27T15:19:50.706-0800,273,195,6,1,1,1,1,1,1,0,0,3,0,2
BAT-8461,2020-04-29T06:58:34.191-0700,2020-08-04T15:01:09.275-0700,2020-08-31T08:12:06.355-0700,124,26,3,1,1,0,1,0,0,0,0,0,1,1
BAT-8458,2020-04-29T06:57:32.572-0700,2020-08-05T05:04:21.260-0700,2020-08-21T07:37:25.898-0700,114,16,2,1,0,1,0,0,0,0,0,1,1,1
BAT-8453,2020-04-28T15:54:28.270-0700,2020-06-24T10:25:23.013-0700,2020-09-15T15:07:40.552-0700,139,83,4,1,1,0,2,0,0,0,0,3,0,4
BAT-8426,2020-04-28T06:37:10.329-0700,2020-07-01T12:40:49.307-0700,2020-07-31T10:40:52.423-0700,94,29,2,1,0,1,0,0,0,0,0,0,0,0
BAT-8421,2020-04-28T06:15:31.794-0700,2020-06-05T10:33:30.044-0700,2020-06-30T10:42:06.445-0700,63,25,4,1,1,1,1,0,0,0,0,0,0,1
BAT-8370,2020-04-21T14:36:12.221-0700,2021-06-23T06:46:31.279-0700,2021-08-24T08:53:59.619-0700,489,62,1,0,0,0,0,0,0,1,0,0,0,0
BAT-8365,2020-04-21T11:38:34.595-0700,2020-07-13T13:27:41.682-0700,2020-08-04T13:53:25.478-0700,105,22,2,0,0,0,0,1,1,0,0,2,2,1
BAT-8350,2020-04-20T12:27:06.414-0700,2020-07-10T09:58:52.750-0700,2020-08-03T08:37:34.908-0700,104,23,2,1,0,1,0,0,0,0,0,0,1,2
BAT-8322,2020-04-20T11:11:19.880-0700,2020-06-09T06:28:26.561-0700,2020-08-17T08:24:27.623-0700,118,69,2,1,0,1,0,0,0,0,0,0,0,2
BAT-8309,2020-04-20T10:49:28.985-0700,2020-05-28T15:18:10.163-0700,2020-07-02T07:57:53.554-0700,72,34,2,1,0,1,0,0,0,0,0,1,0,0
BAT-8298,2020-04-17T15:11:19.660-0700,2020-05-15T10:51:14.268-0700,2020-07-10T08:52:55.575-0700,83,55,6,1,1,1,1,1,1,0,0,0,0,1
BAT-8290,2020-04-17T09:22:17.620-0700,2020-05-22T08:45:54.086-0700,2020-07-02T17:08:49.429-0700,76,41,5,1,1,0,1,1,1,0,0,0,0,1
BAT-8252,2020-04-14T20:39:54.891-0700,2020-07-13T13:29:28.930-0700,2020-08-03T09:11:53.157-0700,110,20,2,1,0,0,1,0,0,0,0,0,1,3
BAT-8005,2020-04-14T08:57:54.334-0700,2020-05-14T10:56:06.848-0700,2020-06-01T10:13:37.597-0700,48,17,6,1,1,1,1,1,1,0,0,2,0,4
BAT-7998,2020-04-13T15:00:48.327-0700,2020-07-01T12:51:28.172-0700,2020-07-22T07:44:25.113-0700,99,20,2,1,0,0,1,0,0,0,0,2,1,2
BAT-7769,2020-04-09T17:31:57.439-0700,2020-08-14T07:32:34.007-0700,2020-11-17T09:57:34.269-0800,221,95,4,1,1,1,0,1,0,0,0,0,0,1
BAT-7626,2020-04-09T06:45:06.033-0700,2020-07-13T13:16:58.165-0700,2020-09-14T10:23:30.432-0700,158,62,5,0,1,0,0,1,1,1,1,1,0,0
BAT-7615,2020-04-08T20:19:53.661-0700,2020-08-17T10:17:59.180-0700,2020-09-22T16:16:30.685-0700,166,36,3,1,1,1,0,0,0,0,0,2,0,0
BAT-7007,2020-04-08T07:59:05.212-0700,2020-06-05T10:59:14.499-0700,2020-09-03T11:22:30.048-0700,148,90,3,1,0,1,0,0,1,0,0,0,1,2
BAT-6988,2020-04-07T11:58:48.888-0700,2020-05-12T14:08:35.170-0700,2020-07-02T07:52:07.727-0700,85,50,2,1,0,1,0,0,0,0,0,0,1,2
BAT-6985,2020-04-07T11:43:09.680-0700,2020-05-14T11:01:50.494-0700,2020-06-10T07:47:38.488-0700,63,26,2,1,0,0,0,0,1,0,0,0,0,0
BAT-6980,2020-04-07T11:42:40.988-0700,2020-06-05T09:52:59.027-0700,2020-07-31T07:24:12.791-0700,114,55,4,1,1,1,0,0,1,0,0,0,0,1
BAT-6969,2020-04-07T06:43:06.576-0700,2020-05-27T15:04:42.238-0700,2020-06-17T10:27:23.612-0700,71,20,4,1,1,0,2,0,0,0,0,0,0,1
BAT-6941,2020-04-06T06:18:47.450-0700,2020-10-06T06:32:52.155-0700,2020-10-22T11:19:31.053-0700,199,16,3,1,0,1,0,0,1,0,0,3,0,2
BAT-6930,2020-04-03T10:13:58.416-0700,2020-06-09T06:00:23.097-0700,2020-08-28T06:25:10.009-0700,146,80,8,1,1,0,2,1,1,1,1,1,0,0
BAT-6919,2020-04-01T18:19:58.945-0700,2020-07-09T13:19:00.683-0700,2020-07-24T05:39:22.440-0700,113,14,3,1,1,1,0,0,0,0,0,2,0,1
BAT-6910,2020-04-01T13:58:05.597-0700,2020-05-19T07:25:08.441-0700,2020-06-10T16:40:09.815-0700,70,22,6,1,1,1,1,1,1,0,0,1,0,1
BAT-6908,2020-04-01T13:21:45.910-0700,2020-04-09T14:54:04.777-0700,2020-05-08T06:48:00.678-0700,36,28,1,0,0,0,0,0,1,0,0,0,0,0
BAT-6887,2020-04-01T08:17:36.026-0700,2020-08-04T08:16:54.225-0700,2020-09-29T07:38:15.883-0700,180,55,6,1,1,0,2,1,1,0,0,1,1,0
BAT-6879,2020-03-31T15:40:52.835-0700,2020-06-29T06:46:40.066-0700,2020-07-17T08:30:37.798-0700,107,18,2,1,0,0,1,0,0,0,0,0,0,1
BAT-6875,2020-03-31T10:05:25.597-0700,2020-05-05T13:28:03.544-0700,2020-05-12T07:12:49.975-0700,41,6,2,0,0,1,0,0,1,0,0,1,0,0
BAT-6864,2020-03-31T06:39:35.715-0700,2020-05-11T07:45:42.280-0700,2020-05-22T06:19:22.648-0700,51,10,2,1,0,1,0,0,0,0,0,0,1,1
BAT-6861,2020-03-30T14:44:06.644-0700,2020-04-14T18:57:10.370-0700,2020-04-30T09:47:26.671-0700,30,15,2,1,0,1,0,0,0,0,0,1,0,1
BAT-6854,2020-03-30T12:21:04.745-0700,2020-06-01T08:39:05.508-0700,2020-08-12T13:44:10.395-0700,135,72,6,1,1,1,1,1,1,0,0,5,0,2
BAT-6845,2020-03-30T10:45:08.099-0700,2020-09-09T06:32:13.548-0700,2021-01-13T08:42:18.188-0800,288,126,6,1,1,1,1,1,1,0,0,3,1,1
BAT-6842,2020-03-30T10:44:50.131-0700,2020-08-05T06:42:45.557-0700,2020-11-16T16:15:57.244-0800,231,103,2,1,0,1,0,0,0,0,0,3,0,2
BAT-6831,2020-03-27T14:55:17.427-0700,2020-04-14T18:15:52.827-0700,2020-05-07T08:36:52.967-0700,40,22,2,1,0,0,1,0,0,0,0,0,0,0
BAT-6581,2020-03-25T18:47:36.853-0700,2020-08-03T07:50:11.667-0700,2020-08-26T07:18:31.186-0700,153,22,6,1,1,1,1,1,1,0,0,4,0,0
BAT-6578,2020-03-25T13:05:04.388-0700,2020-04-07T12:48:24.178-0700,2020-04-23T07:11:06.795-0700,28,15,2,0,0,0,0,1,1,0,0,1,1,1
BAT-6492,2020-03-23T07:44:10.847-0700,2020-07-07T14:36:56.517-0700,2020-07-21T10:13:55.810-0700,120,13,2,1,1,0,0,0,0,0,0,2,0,0
BAT-6490,2020-03-23T07:43:43.139-0700,2020-10-23T08:54:56.786-0700,2020-12-10T08:12:56.045-0800,262,48,1,0,0,1,0,0,0,0,0,0,0,0
BAT-6483,2020-03-23T07:42:44.739-0700,2020-08-12T09:08:09.153-0700,2021-06-15T10:49:37.910-0700,449,307,6,1,1,1,1,1,1,0,0,2,0,1
BAT-6480,2020-03-23T06:41:26.612-0700,2020-04-20T07:50:48.212-0700,2020-05-13T07:50:47.600-0700,51,22,2,1,0,0,1,0,0,0,0,0,0,1
BAT-6326,2020-03-20T12:56:35.505-0700,2020-05-21T11:48:53.984-0700,2020-06-18T11:14:43.235-0700,89,27,6,1,1,0,2,1,1,0,0,3,0,1
BAT-6253,2020-03-17T08:56:24.573-0700,2020-04-14T18:58:38.612-0700,2020-05-01T09:58:27.665-0700,45,16,2,1,0,1,0,0,0,0,0,2,0,0
BAT-6249,2020-03-17T06:40:19.758-0700,2020-04-06T10:25:56.054-0700,2020-06-02T07:05:53.619-0700,77,56,2,1,0,1,0,0,0,0,0,1,1,1
BAT-6211,2020-03-16T05:50:34.518-0700,2020-04-20T07:51:52.850-0700,2020-05-07T09:17:49.776-0700,52,17,1,0,0,0,0,1,0,0,0,0,0,0
BAT-6190,2020-03-11T17:43:45.401-0700,2020-09-01T22:03:22.889-0700,2020-10-14T06:52:34.406-0700,216,42,6,1,1,1,1,1,1,0,0,1,1,0
BAT-6178,2020-03-10T09:04:55.690-0700,2020-04-29T11:27:59.849-0700,2020-05-06T13:05:05.606-0700,57,7,4,1,1,1,1,0,0,0,0,1,1,2
BAT-6160,2020-03-09T13:27:23.723-0700,2020-04-14T17:48:38.280-0700,2020-05-04T13:57:47.364-0700,56,19,6,1,1,1,1,1,1,0,0,0,0,0
BAT-6153,2020-03-09T13:23:24.763-0700,2020-11-03T08:21:26.357-0800,2020-12-14T14:29:38.414-0800,280,41,6,1,1,1,1,1,1,0,0,1,0,2
BAT-6097,2020-03-09T10:53:03.451-0700,2020-03-18T12:53:59.571-0700,2020-03-30T09:08:34.817-0700,20,11,1,0,1,0,0,0,0,0,0,0,0,0
BAT-6055,2020-03-09T04:57:05.486-0700,2020-04-10T05:44:58.275-0700,2020-05-06T12:32:51.247-0700,58,26,6,1,1,1,1,1,1,0,0,1,1,2
BAT-6050,2020-03-06T11:47:33.446-0800,2020-05-20T15:21:15.743-0700,2020-06-08T14:47:35.815-0700,94,18,3,1,0,1,0,0,1,0,0,1,0,1
BAT-6046,2020-03-06T10:46:37.026-0800,2020-09-03T10:26:01.702-0700,2020-11-10T14:39:51.134-0800,249,68,2,1,0,1,0,0,0,0,0,1,0,0
BAT-6007,2020-03-05T14:24:50.974-0800,2020-11-11T10:09:34.811-0800,2021-03-25T08:05:26.756-0700,384,133,2,1,0,0,1,0,0,0,0,0,0,1
BAT-6000,2020-03-05T14:22:58.514-0800,2020-06-22T13:12:30.481-0700,2020-07-27T10:31:00.538-0700,143,34,6,1,1,0,2,1,1,0,0,0,0,0
BAT-5997,2020-03-05T12:48:01.979-0800,2021-02-01T14:50:31.749-0800,2021-03-04T12:50:16.201-0800,364,30,2,1,0,1,0,0,0,0,0,1,0,0
BAT-5987,2020-03-05T12:30:52.146-0800,2020-05-27T16:59:22.080-0700,2020-08-05T06:13:31.198-0700,152,69,5,1,1,1,1,0,0,0,1,0,0,3
BAT-5933,2020-03-04T07:47:12.479-0800,2020-07-07T14:47:23.049-0700,2020-08-18T10:04:57.251-0700,167,41,2,1,0,1,0,0,0,0,0,0,0,0
BAT-5926,2020-03-04T07:39:56.071-0800,2020-04-09T07:55:46.405-0700,2020-04-30T07:37:52.540-0700,56,20,6,1,1,1,1,1,1,0,0,0,0,0
BAT-5920,2020-03-03T15:29:43.760-0800,2020-04-07T15:01:53.951-0700,2020-05-08T07:02:59.847-0700,65,30,2,1,0,1,0,0,0,0,0,0,1,1
BAT-5887,2020-03-02T13:45:13.900-0800,2020-03-25T10:20:21.146-0700,2020-03-31T13:07:59.080-0700,28,6,2,0,1,0,0,0,1,0,0,1,0,0
BAT-5876,2020-02-28T06:39:53.525-0800,2020-04-28T08:39:10.367-0700,2020-05-18T10:14:07.550-0700,80,20,2,1,0,1,0,0,0,0,0,3,0,2
BAT-5869,2020-02-28T06:04:10.541-0800,2020-04-10T05:47:26.252-0700,2020-04-27T07:28:35.256-0700,59,17,6,1,1,0,2,1,1,0,0,0,0,0
BAT-5863,2020-02-27T13:21:15.857-0800,2020-03-16T14:49:14.314-0700,2020-03-27T11:06:21.432-0700,28,10,2,1,0,0,0,0,1,0,0,1,0,0
BAT-5854,2020-02-26T07:23:21.190-0800,2020-03-25T07:11:33.238-0700,2020-03-30T09:55:50.081-0700,33,5,2,1,0,0,1,0,0,0,0,1,0,1
BAT-5853,2020-02-25T14:13:10.733-0800,2020-04-20T12:21:17.327-0700,2020-06-11T07:12:31.283-0700,106,51,6,1,1,1,1,1,1,0,0,2,2,2
BAT-5850,2020-02-25T12:44:58.988-0800,2020-04-10T10:05:43.767-0700,2020-05-04T12:05:20.940-0700,68,24,2,1,0,0,1,0,0,0,0,0,0,0
BAT-5843,2020-02-25T08:06:08.240-0800,2020-03-23T08:29:35.813-0700,2020-04-28T11:12:03.199-0700,63,36,1,0,0,0,0,0,1,0,0,0,0,2
BAT-5827,2020-02-21T14:15:11.230-0800,2020-06-17T11:05:33.698-0700,2020-07-17T06:46:59.774-0700,146,29,2,1,0,0,1,0,0,0,0,1,1,1
BAT-5809,2020-02-20T09:17:32.095-0800,2020-08-20T07:06:56.117-0700,2021-02-09T13:48:21.721-0800,355,173,5,1,1,0,2,1,0,0,0,0,1,2
BAT-5801,2020-02-19T06:40:58.929-0800,2020-04-06T10:25:50.790-0700,2020-04-13T11:36:56.991-0700,54,7,2,1,0,0,1,0,0,0,0,1,0,0
BAT-5788,2020-02-18T12:17:44.155-0800,2020-03-16T13:22:00.780-0700,2020-04-17T09:27:49.205-0700,58,31,6,1,1,1,1,1,1,0,0,0,0,0
BAT-5785,2020-02-18T11:50:58.517-0800,2020-03-17T09:27:53.508-0700,2020-03-27T11:18:25.310-0700,37,10,2,1,1,0,0,0,0,0,0,0,0,0
BAT-5767,2020-02-18T08:03:01.312-0800,2020-05-14T10:37:35.155-0700,2020-06-11T13:40:14.465-0700,114,28,6,1,1,1,1,1,1,0,0,1,0,0
BAT-5760,2020-02-18T08:00:45.531-0800,2020-08-25T13:40:15.521-0700,2020-11-16T16:11:22.710-0800,272,83,6,1,1,0,2,1,1,0,0,2,0,2
BAT-5644,2020-02-10T07:12:09.723-0800,2020-03-12T09:03:04.236-0700,2020-04-17T10:46:04.511-0700,67,36,6,1,1,1,1,1,1,0,0,0,0,0
BAT-5633,2020-02-07T11:55:41.315-0800,2020-08-24T06:36:11.344-0700,2020-09-29T08:33:59.858-0700,234,36,6,1,1,1,1,1,1,0,0,6,0,4
BAT-5625,2020-02-07T10:33:38.667-0800,2021-01-08T05:48:14.316-0800,2021-03-23T06:14:23.856-0700,409,73,6,1,1,0,2,1,1,0,0,1,2,1
BAT-5609,2020-02-05T15:11:19.171-0800,2020-03-24T08:15:32.420-0700,2020-03-31T13:13:40.979-0700,54,7,1,0,0,1,0,0,0,0,0,1,0,0
BAT-5600,2020-02-05T08:43:36.439-0800,2020-04-02T08:04:12.232-0700,2020-06-04T06:26:51.286-0700,119,62,2,0,0,0,0,0,0,1,1,0,0,0
BAT-5586,2020-02-04T10:59:38.733-0800,2020-04-29T10:54:41.757-0700,2020-06-05T07:09:02.624-0700,121,36,6,1,1,1,1,1,1,0,0,1,0,0
BAT-5583,2020-02-04T10:51:14.510-0800,2020-07-20T07:07:59.654-0700,2021-02-24T10:11:06.812-0800,385,219,2,0,0,0,0,0,0,1,1,0,0,0
BAT-5576,2020-02-04T08:54:28.766-0800,2020-03-23T10:42:20.446-0700,2020-04-14T08:09:15.199-0700,69,21,4,1,0,0,1,1,1,0,0,2,1,0
BAT-5561,2020-01-31T10:25:53.620-0800,2020-03-16T08:30:46.980-0700,2020-05-12T06:21:05.771-0700,101,56,6,1,1,0,2,1,1,0,0,1,1,2
BAT-5553,2020-01-31T05:57:16.716-0800,2020-04-01T13:33:37.240-0700,2020-04-27T16:13:06.190-0700,87,26,3,1,0,1,0,0,1,0,0,2,1,3
BAT-5496,2020-01-30T06:41:07.667-0800,2020-03-23T07:33:57.081-0700,2020-04-17T09:34:56.602-0700,78,25,6,1,1,1,1,1,1,0,0,1,0,0
BAT-5487,2020-01-29T15:15:43.871-0800,2020-03-04T10:04:14.284-0800,2020-06-04T12:58:23.238-0700,126,92,7,1,1,0,2,1,0,1,1,3,0,0
BAT-5484,2020-01-29T15:08:47.661-0800,2020-04-20T07:51:05.615-0700,2020-05-18T10:46:16.143-0700,109,28,2,1,0,1,0,0,0,0,0,1,0,0
BAT-5418,2020-01-28T09:25:44.888-0800,2020-06-05T08:49:03.929-0700,2020-07-06T15:22:42.470-0700,160,31,4,1,1,0,2,0,0,0,0,1,0,2
BAT-5407,2020-01-24T13:23:10.875-0800,2020-03-10T14:40:32.406-0700,2020-04-10T07:40:14.137-0700,76,30,2,1,0,1,0,0,0,0,0,2,1,1
BAT-5384,2020-01-24T07:15:55.895-0800,2020-03-04T06:59:29.114-0800,2020-03-31T10:20:41.121-0700,67,27,2,1,0,1,0,0,0,0,0,3,0,2
BAT-5376,2020-01-23T10:45:38.602-0800,2020-02-04T12:55:43.635-0800,2020-02-19T06:15:44.355-0800,26,14,2,1,0,1,0,0,0,0,0,2,0,3
BAT-5229,2020-01-21T08:24:36.071-0800,2020-03-06T07:45:00.935-0800,2020-04-01T07:40:09.030-0700,70,25,2,1,0,1,0,0,0,0,0,3,0,0
BAT-5221,2020-01-21T07:23:23.282-0800,2020-03-04T12:42:22.480-0800,2020-03-13T12:52:28.735-0700,52,8,6,1,1,0,2,1,1,0,0,1,0,1
BAT-5214,2020-01-21T07:17:49.437-0800,2020-03-06T07:45:09.943-0800,2020-05-20T08:18:06.983-0700,120,74,6,1,1,1,1,1,1,0,0,0,0,2
BAT-5211,2020-01-21T06:46:26.252-0800,2020-02-27T10:51:33.639-0800,2020-03-19T13:50:18.597-0700,58,21,2,1,0,1,0,0,0,0,0,1,0,2
BAT-5185,2020-01-15T11:14:58.027-0800,2020-02-12T14:53:19.965-0800,2020-08-27T08:46:59.820-0700,224,196,3,0,1,0,0,1,1,0,0,1,1,2
BAT-5182,2020-01-15T10:14:43.978-0800,2020-04-14T10:02:43.290-0700,2020-06-04T06:23:03.473-0700,140,50,2,0,0,0,0,0,0,1,1,0,0,0
BAT-5178,2020-01-15T09:53:16.468-0800,2020-04-07T07:40:37.139-0700,2020-07-02T10:19:20.418-0700,168,86,3,1,0,0,1,0,1,0,0,1,1,1
BAT-5156,2020-01-13T09:35:52.478-0800,2020-03-05T07:24:37.066-0800,2020-03-18T10:39:48.678-0700,65,13,2,1,0,1,0,0,0,0,0,4,0,1
BAT-5099,2020-01-08T11:38:16.529-0800,2020-03-31T11:40:10.229-0700,2020-04-08T09:49:13.347-0700,90,7,2,1,0,1,0,0,0,0,0,3,0,2
BAT-4772,2020-01-07T06:54:43.626-0800,2020-03-05T07:21:06.243-0800,2020-03-10T09:54:11.735-0700,63,5,2,1,0,1,0,0,0,0,0,2,0,2
BAT-4769,2020-01-06T14:24:14.509-0800,2020-02-05T09:28:31.167-0800,2020-02-12T14:01:39.848-0800,36,7,2,1,0,0,1,0,0,0,0,1,0,2
BAT-4759,2020-01-06T13:43:56.482-0800,2020-02-11T15:13:17.392-0800,2020-02-28T08:40:09.998-0800,52,16,2,1,0,1,0,0,0,0,0,1,0,1
BAT-4758,2020-01-06T13:39:59.655-0800,2020-03-02T09:07:21.219-0800,2020-04-17T08:20:08.020-0700,101,45,6,1,1,0,2,1,1,0,0,1,0,1
BAT-4747,2020-01-06T06:45:30.842-0800,2020-03-23T07:33:40.495-0700,2020-07-01T07:44:17.392-0700,176,100,2,1,0,1,0,0,0,0,0,0,1,0
BAT-4740,2020-01-03T15:08:31.506-0800,2020-02-25T13:20:31.733-0800,2020-03-11T13:43:30.367-0700,67,14,6,1,1,1,1,1,1,0,0,2,1,0
BAT-4737,2020-01-03T15:05:11.624-0800,2020-02-27T09:22:40.056-0800,2020-03-03T10:19:17.175-0800,59,5,2,1,0,1,0,0,0,0,0,1,0,0
BAT-4734,2020-01-03T15:02:08.632-0800,2020-02-20T09:22:55.533-0800,2020-02-26T06:35:42.573-0800,53,5,2,1,0,1,0,0,0,0,0,3,0,2
BAT-4724,2020-01-03T06:03:33.365-0800,2020-03-23T07:29:14.484-0700,2020-06-23T08:16:17.286-0700,172,92,2,1,0,1,0,0,0,0,0,2,1,1
BAT-4721,2020-01-02T10:11:35.630-0800,2020-01-15T12:46:20.604-0800,2020-01-22T06:51:25.176-0800,19,6,2,1,0,1,0,0,0,0,0,1,0,1
BAT-4713,2019-12-23T12:36:18.888-0800,2020-02-20T12:31:13.714-0800,2020-02-25T07:42:15.048-0800,63,4,4,1,0,1,0,1,1,0,0,0,0,0
BAT-4701,2019-12-18T16:59:49.253-0800,2020-01-24T09:12:13.548-0800,2020-03-05T13:17:00.103-0800,77,41,2,1,0,1,0,0,0,0,0,1,0,1
BAT-4681,2019-12-18T14:55:04.744-0800,2020-03-17T10:44:49.033-0700,2020-04-23T07:44:12.845-0700,126,36,6,1,1,1,1,1,1,0,0,1,1,1
BAT-4665,2019-12-18T08:23:18.234-0800,2020-03-03T12:20:37.876-0800,2020-04-23T07:53:13.292-0700,126,50,6,1,1,0,2,1,1,0,0,2,1,0
BAT-4651,2019-12-17T11:50:44.307-0800,2020-01-27T13:43:55.483-0800,2020-01-31T13:33:00.708-0800,45,3,2,0,0,0,1,1,0,0,0,0,0,0
BAT-4641,2019-12-16T10:04:15.493-0800,2020-02-19T12:36:33.071-0800,2020-02-25T06:54:56.040-0800,70,5,1,0,0,0,0,0,1,0,0,0,1,0
BAT-4630,2019-12-16T08:47:38.144-0800,2020-03-04T09:08:49.819-0800,2020-05-21T09:37:52.873-0700,156,77,6,1,1,1,1,1,1,0,0,1,1,1
BAT-4626,2019-12-13T13:18:47.249-0800,2020-01-06T07:32:50.978-0800,2020-03-04T08:12:55.243-0800,81,58,3,1,0,1,0,0,1,0,0,0,1,0
BAT-4623,2019-12-13T09:14:56.798-0800,2020-03-05T07:07:36.211-0800,2020-03-16T07:46:57.693-0700,93,10,2,1,0,1,0,0,0,0,0,0,1,0
BAT-4614,2019-12-12T09:55:52.552-0800,2020-02-05T09:37:39.421-0800,2020-02-19T15:45:37.611-0800,69,14,1,1,0,0,0,0,0,0,0,1,0,1
BAT-4607,2019-12-12T09:52:48.347-0800,2020-04-20T07:50:56.771-0700,2020-07-29T09:16:30.837-0700,229,100,6,1,1,1,1,1,1,0,0,0,0,2
BAT-4599,2019-12-11T14:57:29.175-0800,2020-01-30T08:57:36.356-0800,2020-02-07T07:53:55.284-0800,57,7,6,1,1,1,1,1,1,0,0,2,0,0
BAT-4540,2019-12-09T10:26:16.670-0800,2020-02-05T09:15:27.028-0800,2020-02-21T13:27:41.131-0800,74,16,2,1,0,1,0,0,0,0,0,2,0,1
BAT-4539,2019-12-09T10:19:01.664-0800,2020-01-27T10:14:34.366-0800,2020-02-14T07:28:11.496-0800,66,17,2,1,0,0,0,0,1,0,0,0,1,3
BAT-4513,2019-12-04T09:40:58.214-0800,2020-07-14T12:22:06.384-0700,2020-08-03T08:08:27.538-0700,242,19,2,1,0,1,0,0,0,0,0,2,0,4
BAT-4501,2019-12-04T05:58:22.843-0800,2020-01-28T09:13:25.151-0800,2020-04-01T12:46:02.269-0700,119,64,8,1,1,1,1,1,1,1,1,1,1,2
BAT-4498,2019-12-03T18:41:56.018-0800,2020-04-21T06:46:21.285-0700,2020-05-28T06:28:25.533-0700,176,36,2,1,0,1,0,0,0,0,0,1,0,1
BAT-4491,2019-12-03T14:59:40.815-0800,2020-01-27T14:10:05.978-0800,2020-02-14T10:29:48.143-0800,72,17,6,1,1,1,1,1,1,0,0,1,0,1
BAT-4478,2019-12-02T07:25:08.122-0800,2020-03-27T12:26:06.801-0700,2020-04-27T07:40:31.417-0700,146,30,2,1,0,1,0,0,0,0,0,6,0,2
BAT-4460,2019-11-26T07:23:42.265-0800,2020-03-27T11:31:40.074-0700,2020-05-14T08:30:54.836-0700,170,47,5,1,1,1,1,0,1,0,0,0,1,2
BAT-4276,2019-11-22T12:36:45.898-0800,2020-01-16T08:25:39.176-0800,2020-07-27T13:01:15.176-0700,247,193,6,1,1,1,1,1,1,0,0,2,0,0
BAT-4127,2019-11-14T14:21:45.982-0800,2020-01-22T07:44:38.747-0800,2020-02-12T15:13:50.857-0800,90,21,1,0,0,0,0,0,0,0,1,0,0,0
BAT-3836,2019-11-12T14:36:04.537-0800,2020-01-08T13:11:37.335-0800,2020-02-03T11:04:00.347-0800,82,25,3,1,1,1,0,0,0,0,0,1,0,1
BAT-3829,2019-11-12T13:49:02.343-0800,2019-11-21T08:03:27.342-0800,2019-12-04T14:24:08.293-0800,22,13,6,1,1,1,1,1,1,0,0,1,0,2
BAT-3820,2019-11-11T11:32:55.089-0800,2020-03-11T08:48:38.268-0700,2020-03-17T06:29:55.795-0700,126,5,1,0,1,0,0,0,0,0,0,0,0,2
BAT-3818,2019-11-11T11:31:27.694-0800,2020-03-05T07:21:07.475-0800,2020-03-09T13:55:24.825-0700,119,4,1,1,0,0,0,0,0,0,0,0,0,1
BAT-3790,2019-11-07T09:38:56.012-0800,2019-12-10T14:36:49.436-0800,2020-01-06T08:08:28.129-0800,59,26,2,1,0,1,0,0,0,0,0,2,1,3
BAT-3763,2019-11-05T06:52:45.669-0800,2020-01-14T11:45:09.104-0800,2020-01-24T07:38:12.507-0800,80,9,2,1,1,1,1,1,1,1,0,0,0,0
BAT-3761,2019-11-04T11:07:21.522-0800,2020-01-15T13:44:48.139-0800,2020-02-03T13:13:38.727-0800,91,18,6,1,1,1,1,1,1,0,0,1,1,1
BAT-3730,2019-11-01T06:56:37.356-0700,2019-12-12T09:39:00.382-0800,2020-01-15T15:04:31.537-0800,75,34,4,1,1,0,2,0,0,0,0,2,0,1
BAT-3674,2019-10-25T13:37:10.040-0700,2020-02-20T07:22:06.584-0800,2020-03-30T08:26:46.837-0700,156,39,2,1,0,1,0,0,0,0,0,0,0,0
BAT-3622,2019-10-21T12:08:26.809-0700,2019-10-21T12:11:30.032-0700,2020-04-10T07:29:38.349-0700,171,171,2,1,0,1,0,0,0,0,0,0,0,1
BAT-3589,2019-10-18T11:55:48.357-0700,2020-01-10T09:41:24.347-0800,2020-02-25T06:45:41.193-0800,129,45,2,1,0,0,1,0,0,0,0,0,0,0
BAT-3442,2019-10-16T13:04:45.982-0700,2020-02-19T14:24:44.322-0800,2020-03-17T10:22:23.241-0700,152,26,6,1,1,1,1,1,1,0,0,1,2,0
BAT-3435,2019-10-16T12:47:15.613-0700,2019-11-15T09:29:58.518-0800,2019-12-04T14:28:10.534-0800,49,19,6,1,1,0,2,1,1,0,0,0,1,0
BAT-3428,2019-10-16T10:27:29.465-0700,2019-10-29T11:51:40.072-0700,2019-11-19T07:51:12.712-0800,33,20,6,1,1,1,1,1,1,0,0,0,1,1
BAT-3418,2019-10-15T14:33:45.386-0700,2019-11-05T10:00:35.828-0800,2019-11-07T07:51:00.242-0800,22,1,1,0,0,0,0,0,1,0,0,0,0,0
BAT-3400,2019-10-14T11:25:59.995-0700,2020-02-05T09:28:50.607-0800,2020-03-12T14:03:41.797-0700,150,36,7,1,1,1,1,1,1,0,1,1,1,0
BAT-3394,2019-10-14T10:56:41.472-0700,2020-01-09T11:37:09.749-0800,2020-01-28T09:18:44.436-0800,105,18,2,0,0,0,0,0,0,1,1,0,0,1
BAT-3387,2019-10-14T10:37:24.861-0700,2019-12-09T09:50:35.357-0800,2019-12-13T13:07:07.650-0800,60,4,6,1,1,1,1,1,1,0,0,1,0,2
BAT-3334,2019-10-09T12:06:34.467-0700,2019-11-04T07:24:23.774-0800,2019-11-18T08:15:27.386-0800,39,14,6,1,1,1,1,1,1,0,0,1,0,0
BAT-3325,2019-10-08T10:05:02.908-0700,2019-12-18T15:48:50.285-0800,2020-01-07T08:16:58.642-0800,90,19,6,1,1,1,1,1,1,0,0,1,1,3
BAT-3292,2019-10-04T12:45:17.953-0700,2020-01-31T11:15:58.222-0800,2020-03-23T15:48:27.670-0700,171,52,1,0,0,0,0,0,0,0,1,0,0,0
BAT-3266,2019-10-02T12:01:39.899-0700,2019-11-04T13:49:18.171-0800,2019-12-18T11:49:29.136-0800,77,43,6,1,1,1,1,1,1,0,0,0,1,0
BAT-3259,2019-10-02T11:45:02.905-0700,2019-12-05T06:45:12.333-0800,2020-01-08T13:22:30.727-0800,98,34,6,1,1,1,1,1,1,0,0,2,0,3
BAT-3251,2019-10-02T09:10:59.497-0700,2019-10-16T10:23:46.536-0700,2020-05-07T10:24:54.593-0700,218,204,6,1,1,1,1,1,1,0,0,0,1,2
BAT-3233,2019-10-01T06:43:03.978-0700,2019-11-11T13:32:28.117-0800,2020-02-18T13:53:16.216-0800,140,99,6,1,1,0,2,1,1,0,0,0,1,4
BAT-3208,2019-09-30T07:01:48.586-0700,2019-11-25T13:16:31.566-0800,2019-12-18T07:57:19.043-0800,79,22,6,1,1,1,1,1,1,0,0,2,0,5
BAT-3198,2019-09-30T05:52:15.240-0700,2019-10-16T10:29:50.648-0700,2019-10-31T14:44:06.588-0700,31,15,6,1,1,1,1,1,1,0,0,1,0,1
BAT-3194,2019-09-27T13:52:05.618-0700,2020-01-28T09:12:05.613-0800,2020-02-04T06:48:14.583-0800,129,6,3,1,0,0,1,0,1,0,0,2,0,4
BAT-3177,2019-09-26T11:36:50.341-0700,2019-11-11T07:20:40.834-0800,2019-11-22T08:04:57.893-0800,56,11,2,1,0,1,0,0,0,0,0,1,0,3
BAT-2817,2019-09-25T08:18:00.137-0700,2019-11-18T07:37:06.386-0800,2019-11-22T06:39:14.553-0800,57,3,4,0,1,0,0,1,1,1,0,0,1,0
BAT-2785,2019-09-24T07:16:57.653-0700,2019-12-19T10:38:32.657-0800,2020-01-10T12:08:35.368-0800,108,22,6,1,1,1,1,1,1,0,0,0,1,2
BAT-2694,2019-09-16T10:18:06.781-0700,2019-11-26T09:58:24.412-0800,2019-12-19T06:49:50.702-0800,93,22,6,1,1,1,1,1,1,0,0,0,0,0
BAT-2571,2019-09-13T11:03:06.611-0700,2019-11-08T13:23:54.059-0800,2020-01-13T09:20:24.515-0800,121,65,2,1,0,1,0,0,0,0,0,0,1,0
BAT-2553,2019-09-12T08:28:25.571-0700,2019-10-16T10:11:56.201-0700,2019-11-01T06:14:59.032-0700,49,15,6,1,1,0,2,1,1,0,0,0,0,0
BAT-2548,2019-09-12T06:53:07.302-0700,2019-11-26T11:19:27.541-0800,2019-12-06T08:30:13.867-0800,85,9,1,1,0,0,0,0,0,0,0,2,0,3
BAT-2531,2019-09-11T12:31:32.388-0700,2019-10-16T09:44:35.755-0700,2019-12-16T13:36:37.961-0800,96,61,6,1,1,1,0,1,1,1,0,2,0,2
BAT-2526,2019-09-11T11:13:10.397-0700,2019-11-11T07:46:52.927-0800,2019-11-25T15:12:03.321-0800,75,14,3,1,1,1,0,0,0,0,0,1,0,1
BAT-2522,2019-09-11T08:15:43.955-0700,2019-12-02T10:42:31.961-0800,2019-12-04T07:53:54.750-0800,84,1,2,1,0,1,0,0,0,0,0,0,0,1
BAT-2258,2019-09-09T13:14:07.443-0700,2019-11-15T09:19:57.690-0800,2020-01-15T14:56:15.019-0800,128,61,6,1,1,0,2,1,1,0,0,0,0,3
BAT-2218,2019-09-06T06:37:17.040-0700,2019-11-11T09:02:36.674-0800,2019-12-09T07:38:14.010-0800,94,27,2,1,1,0,0,0,0,0,0,1,0,1
BAT-2208,2019-09-05T15:14:05.729-0700,2019-10-29T15:15:44.166-0700,2019-10-31T14:58:33.654-0700,55,1,1,0,0,0,0,0,1,0,0,2,0,0
BAT-2183,2019-09-04T07:29:22.611-0700,2019-10-01T14:47:53.950-0700,2019-10-16T07:09:22.314-0700,41,14,6,1,1,1,1,1,1,0,0,0,0,2
BAT-2171,2019-09-03T11:25:47.124-0700,2019-10-30T12:23:29.871-0700,2020-01-09T07:35:10.983-0800,127,70,2,0,0,0,0,0,0,1,1,0,0,0
BAT-2165,2019-09-03T06:30:55.398-0700,2019-12-18T09:10:20.663-0800,2019-12-19T08:43:34.054-0800,107,0,2,1,0,1,0,0,0,0,0,0,0,0
BAT-2162,2019-08-30T08:56:06.863-0700,2019-12-03T07:02:49.209-0800,2020-03-06T09:13:53.507-0800,189,94,2,1,0,1,0,0,0,0,0,0,0,1
BAT-2157,2019-08-28T06:46:39.802-0700,2019-11-06T11:15:18.351-0800,2019-11-22T10:00:14.180-0800,86,15,2,1,0,0,1,0,0,0,0,1,0,0
BAT-2004,2019-08-26T10:13:27.925-0700,2019-09-26T07:22:07.528-0700,2019-10-04T09:16:27.694-0700,38,8,5,1,1,1,1,1,0,0,0,2,0,1
BAT-1740,2019-08-20T10:41:02.113-0700,2019-09-24T12:59:53.583-0700,2019-10-24T08:14:18.703-0700,64,29,2,1,0,1,0,0,0,0,0,5,0,0
BAT-1731,2019-08-20T06:51:53.224-0700,2019-10-02T12:52:38.909-0700,2019-11-04T07:23:05.407-0800,76,32,6,1,1,1,1,1,1,0,0,1,1,0
BAT-1581,2019-08-15T13:39:50.376-0700,2019-10-23T12:41:46.759-0700,2019-10-29T13:30:30.245-0700,74,6,2,1,0,0,1,0,0,0,0,0,0,1
BAT-1568,2019-08-14T11:21:49.301-0700,2019-08-27T09:55:22.892-0700,2019-10-29T09:57:49.372-0700,75,63,1,0,0,0,0,1,0,0,0,0,0,0
BAT-1539,2019-08-13T08:40:13.270-0700,2019-10-16T12:01:33.732-0700,2019-12-02T09:08:01.258-0800,111,46,2,1,0,1,0,0,0,0,0,1,0,2
BAT-1535,2019-08-12T13:21:41.605-0700,2019-10-16T12:41:13.150-0700,2019-10-29T06:21:49.446-0700,77,12,2,1,0,1,0,0,0,0,0,0,1,3
BAT-1511,2019-08-07T08:46:55.444-0700,2019-08-07T11:25:25.705-0700,2019-12-05T09:34:05.005-0800,120,119,1,0,0,0,0,0,0,0,1,0,0,0
BAT-1504,2019-08-07T06:16:57.921-0700,2019-08-07T07:14:33.466-0700,2019-11-08T12:18:06.580-0800,93,93,6,1,1,1,1,1,1,0,0,1,1,0
BAT-1497,2019-08-06T14:17:52.180-0700,2019-12-19T06:50:48.687-0800,2020-02-24T07:33:08.420-0800,201,67,6,1,1,1,1,1,1,0,0,0,0,0
BAT-1486,2019-08-06T09:34:09.585-0700,2019-11-14T09:11:33.877-0800,2019-11-21T06:48:07.617-0800,106,6,3,1,0,1,0,1,0,0,0,0,0,1
BAT-1469,2019-08-05T07:17:45.863-0700,2019-09-26T09:17:45.645-0700,2019-10-04T09:16:01.273-0700,60,7,2,1,0,1,0,0,0,0,0,2,0,3
BAT-1463,2019-08-02T08:35:36.512-0700,2019-09-09T14:57:44.640-0700,2019-09-13T11:25:05.592-0700,42,3,1,0,1,0,0,0,0,0,0,2,0,0
BAT-1456,2019-08-01T08:39:22.020-0700,2019-10-21T07:00:37.225-0700,2019-10-29T11:38:46.124-0700,89,8,2,1,0,1,0,0,0,0,0,1,0,0
BAT-1448,2019-07-31T14:16:35.593-0700,2021-06-23T06:45:47.312-0700,2021-06-30T10:06:11.559-0700,699,7,4,7,0,0,0,0,0,0,0,0,0,0
BAT-1431,2019-07-31T07:44:13.300-0700,2019-09-11T13:44:44.362-0700,2019-10-25T10:50:37.108-0700,86,43,6,1,1,0,2,1,1,0,0,1,0,1
BAT-1429,2019-07-30T14:42:51.015-0700,2019-08-01T08:24:04.807-0700,2019-08-27T07:28:00.343-0700,27,25,1,0,0,0,0,1,0,0,0,0,0,0
BAT-1398,2019-07-26T08:16:19.407-0700,2019-07-26T14:01:29.161-0700,2019-09-17T11:12:13.056-0700,53,52,1,0,0,0,0,0,0,1,0,0,0,0
BAT-1391,2019-07-25T14:40:33.159-0700,2019-08-20T12:59:06.053-0700,2019-08-23T10:03:42.170-0700,28,2,6,1,1,0,2,1,1,0,0,0,0,0
BAT-1376,2019-07-24T11:17:02.684-0700,2019-12-06T09:39:10.270-0800,2019-12-20T10:53:41.913-0800,149,14,2,1,0,1,0,0,0,0,0,2,1,0
BAT-1369,2019-07-22T08:09:55.886-0700,2019-07-22T09:27:36.773-0700,2019-08-12T13:52:12.989-0700,21,21,1,0,0,1,0,0,0,0,0,0,0,0
BAT-1349,2019-07-18T08:01:25.290-0700,2019-09-24T06:16:38.852-0700,2019-09-30T10:19:49.491-0700,74,6,5,0,1,1,1,1,1,0,0,0,0,1
BAT-1332,2019-07-17T06:27:02.998-0700,2019-10-28T08:38:06.763-0700,2019-11-01T08:59:10.055-0700,107,4,6,1,1,1,1,1,1,0,0,3,1,1
BAT-1195,2019-07-16T10:41:48.430-0700,2019-08-26T20:02:43.847-0700,2019-11-11T12:40:36.554-0800,118,76,2,1,0,1,0,0,0,0,0,1,0,0
BAT-1185,2019-07-15T12:22:32.392-0700,2019-10-03T09:41:12.780-0700,2019-10-23T07:43:08.890-0700,99,19,2,1,0,1,0,0,0,0,0,1,1,0
BAT-1141,2019-07-10T14:25:40.745-0700,2019-11-11T07:46:39.008-0800,2019-12-13T08:50:08.944-0800,155,32,2,1,0,0,1,0,0,0,0,3,1,2
BAT-1108,2019-07-08T07:48:41.670-0700,2019-10-22T12:41:17.822-0700,2019-11-04T11:47:37.867-0800,119,13,6,1,1,1,1,1,1,0,0,3,1,1
BAT-1101,2019-07-05T12:20:38.392-0700,2019-11-12T09:49:51.524-0800,2019-11-25T09:50:38.770-0800,142,13,6,1,1,1,1,1,1,0,0,2,0,0
BAT-1094,2019-07-03T11:35:04.352-0700,2019-07-23T14:05:45.959-0700,2019-09-12T10:23:58.166-0700,70,50,6,1,1,1,1,1,1,0,0,0,0,0
BAT-1089,2019-07-03T08:08:46.245-0700,2019-08-20T14:15:25.211-0700,2019-10-01T08:51:38.102-0700,90,41,4,1,1,0,1,0,1,0,0,0,0,0
BAT-1081,2019-07-02T11:24:13.786-0700,2019-09-18T07:07:22.650-0700,2019-09-24T07:03:51.295-0700,83,5,1,0,0,0,0,0,1,0,0,0,1,1
BAT-1078,2019-07-02T11:00:18.867-0700,2019-07-18T08:28:17.119-0700,2019-09-12T14:23:46.893-0700,72,56,2,0,1,0,0,0,1,0,0,0,0,0
BAT-1057,2019-07-01T13:14:42.242-0700,2019-08-27T09:30:34.281-0700,2019-10-10T07:09:11.620-0700,100,43,6,1,1,1,1,1,1,0,0,0,1,0
BAT-1002,2019-06-26T13:04:30.100-0700,2019-09-17T06:50:14.320-0700,2019-10-21T10:50:20.700-0700,116,34,6,1,1,1,1,1,1,0,0,0,0,0
BAT-959,2019-06-24T10:31:15.480-0700,2019-11-11T07:44:01.287-0800,2020-01-10T11:23:21.589-0800,200,60,2,1,0,1,0,0,0,0,0,0,0,1
BAT-940,2019-06-24T08:10:31.212-0700,2019-07-26T13:29:14.513-0700,2019-10-30T07:36:13.432-0700,127,95,6,1,1,1,1,1,1,0,0,2,0,3
BAT-892,2019-06-13T14:18:01.095-0700,2019-07-17T11:26:09.842-0700,2019-08-13T06:48:13.142-0700,60,26,6,1,1,1,1,1,1,0,0,0,0,0
BAT-885,2019-06-13T13:01:27.754-0700,2019-08-15T07:30:48.395-0700,2019-09-05T14:39:17.796-0700,84,21,6,1,1,1,1,1,1,0,0,0,0,0
BAT-786,2019-06-11T10:26:09.902-0700,2020-08-27T12:42:06.351-0700,2020-10-07T13:36:22.957-0700,484,41,8,1,1,1,1,1,1,1,1,1,0,5
BAT-722,2019-06-10T13:02:45.212-0700,2019-11-18T10:05:03.078-0800,2019-12-10T08:24:36.338-0800,182,21,6,1,1,1,1,1,1,0,0,0,1,2
BAT-710,2019-06-07T11:09:12.432-0700,2019-08-13T10:17:39.830-0700,2019-08-19T06:59:16.106-0700,72,5,2,1,0,1,0,0,0,0,0,0,0,0
BAT-692,2019-06-07T07:47:42.108-0700,2019-07-30T12:22:50.889-0700,2019-09-18T08:03:12.404-0700,103,49,2,1,0,1,0,0,0,0,0,1,0,0
BAT-672,2019-06-05T14:59:25.554-0700,2019-07-05T13:36:24.353-0700,2019-07-18T07:05:42.515-0700,42,12,3,1,1,1,0,0,0,0,0,0,0,0
BAT-669,2019-06-05T13:18:06.586-0700,2019-06-06T12:31:19.713-0700,2019-06-14T10:30:44.395-0700,8,7,2,1,0,1,0,0,0,0,0,0,0,0
BAT-657,2019-06-05T06:49:25.689-0700,2019-08-14T12:43:08.420-0700,2019-08-27T13:52:00.543-0700,83,13,6,1,1,0,2,1,1,0,0,0,0,0
BAT-646,2019-06-03T14:17:01.795-0700,2019-07-01T12:35:23.222-0700,2019-07-26T08:28:15.693-0700,52,24,6,1,1,1,1,1,1,0,0,0,0,0
BAT-640,2019-06-03T09:51:35.037-0700,2019-07-02T08:38:36.572-0700,2019-09-24T11:46:16.841-0700,113,84,4,1,1,1,1,0,0,0,0,0,0,0
BAT-626,2019-05-31T14:23:20.505-0700,2019-11-04T06:43:27.421-0800,2019-11-08T06:40:55.665-0800,160,3,2,1,0,1,0,0,0,0,0,1,0,2
BAT-589,2019-05-24T09:04:21.882-0700,2019-12-18T07:55:05.111-0800,2020-01-10T13:03:27.427-0800,231,23,2,1,0,1,0,0,0,0,0,3,0,4
BAT-573,2019-05-23T12:40:25.668-0700,2019-07-08T08:16:35.791-0700,2019-07-23T07:49:50.196-0700,60,14,6,1,1,1,1,1,1,0,0,0,0,0
BAT-551,2019-05-22T14:39:57.684-0700,2019-05-29T14:30:04.502-0700,2019-07-16T14:00:43.286-0700,54,47,6,1,1,1,1,1,1,0,0,0,0,0
BAT-527,2019-05-20T11:07:40.822-0700,2019-07-15T10:04:43.491-0700,2019-08-06T09:46:06.896-0700,77,21,7,1,1,1,1,1,1,1,0,0,0,0
BAT-519,2019-05-20T09:16:17.775-0700,2019-05-20T10:13:57.303-0700,2019-10-14T07:29:47.456-0700,146,146,6,1,1,0,2,1,1,0,0,0,0,0
BAT-516,2019-05-20T08:25:44.387-0700,2019-05-20T17:19:58.776-0700,2019-07-29T08:40:57.916-0700,70,69,1,0,0,0,0,0,0,1,0,0,0,0
BAT-512,2019-05-20T08:19:20.036-0700,2019-05-31T11:04:05.335-0700,2019-06-07T12:11:52.589-0700,18,7,1,0,0,0,0,0,0,1,0,0,0,0
BAT-510,2019-05-20T08:15:10.004-0700,2019-06-28T06:22:33.660-0700,2019-07-05T06:55:56.279-0700,45,7,1,0,0,0,0,0,1,0,0,0,0,0
BAT-508,2019-05-20T08:12:46.209-0700,2019-05-24T10:24:18.038-0700,2019-06-04T08:16:39.385-0700,15,10,1,1,0,0,0,0,0,0,0,0,0,0
BAT-499,2019-05-17T08:08:24.144-0700,2019-07-17T12:14:23.127-0700,2019-08-08T07:51:42.207-0700,82,21,6,1,1,1,1,1,1,0,0,0,0,0
BAT-495,2019-05-17T07:46:26.754-0700,2019-09-10T09:40:01.884-0700,2019-11-01T09:07:47.136-0700,168,51,3,1,1,1,0,0,0,0,0,2,1,1
BAT-475,2019-05-15T13:39:57.524-0700,2019-05-20T14:36:26.295-0700,2019-06-03T06:36:24.053-0700,18,13,1,0,1,0,0,0,0,0,0,0,0,0
BAT-473,2019-05-15T11:56:34.637-0700,2019-05-16T08:00:43.256-0700,2019-05-21T14:28:33.642-0700,6,5,1,0,0,0,0,0,1,0,0,0,0,0
BAT-465,2019-05-15T09:40:38.634-0700,2019-07-19T09:40:20.687-0700,2019-07-19T09:42:13.494-0700,65,0,4,1,1,1,1,0,0,0,0,0,0,0
BAT-455,2019-05-15T07:31:10.621-0700,2019-05-15T07:31:20.372-0700,2019-05-22T12:36:17.075-0700,7,7,0,0,0,0,0,0,1,0,0,0,0,0
BAT-448,2019-05-15T07:28:41.977-0700,2019-05-30T13:10:38.937-0700,2019-06-18T06:31:51.261-0700,33,18,6,1,1,0,2,1,1,0,0,0,0,0
BAT-441,2019-05-15T07:21:40.760-0700,2019-06-06T08:45:44.991-0700,2019-07-02T15:46:09.421-0700,48,26,6,1,1,0,2,1,1,0,0,0,0,0
BAT-438,2019-05-15T07:07:45.334-0700,2019-08-05T06:57:50.908-0700,2019-08-30T09:33:45.836-0700,107,25,4,1,1,1,1,0,0,0,0,0,0,0
BAT-424,2019-05-10T11:09:22.066-0700,2019-05-10T13:16:28.792-0700,2019-05-24T07:32:34.462-0700,13,13,1,1,0,0,0,0,0,0,0,0,0,0
BAT-417,2019-05-10T10:55:08.452-0700,2019-05-10T13:17:42.474-0700,2019-05-20T12:38:51.977-0700,10,9,6,1,1,1,1,1,1,0,0,0,0,0
BAT-414,2019-05-10T10:37:23.343-0700,2019-05-10T10:40:23.205-0700,2019-06-10T07:07:57.237-0700,30,30,2,0,0,0,1,1,0,0,0,0,0,0
BAT-411,2019-05-10T10:33:11.177-0700,2019-08-21T08:50:53.770-0700,2019-09-11T08:28:51.526-0700,123,20,2,1,0,1,0,0,0,0,0,0,0,0
BAT-398,2019-05-10T10:15:28.666-0700,2019-05-10T13:23:34.780-0700,2019-05-23T10:08:09.352-0700,12,12,2,1,0,1,0,0,0,0,0,0,0,0
BAT-396,2019-05-10T10:13:07.356-0700,2019-05-10T10:14:04.677-0700,2019-06-11T07:15:51.185-0700,31,31,1,0,0,0,0,0,1,0,0,0,0,0
BAT-394,2019-05-10T10:10:12.048-0700,2019-05-28T08:50:31.415-0700,2019-06-18T09:08:04.850-0700,38,21,1,1,0,0,0,0,0,0,0,0,0,0
BAT-380,2019-05-10T09:45:18.222-0700,2019-05-10T09:45:31.025-0700,2019-06-11T06:55:05.881-0700,31,31,6,1,1,0,2,1,1,0,0,0,0,0
BAT-357,2019-05-10T09:08:02.503-0700,2019-05-10T13:23:58.156-0700,2019-07-10T10:23:22.758-0700,61,60,6,1,1,1,1,1,1,0,0,0,0,0
BAT-353,2019-05-10T09:00:24.953-0700,2019-06-18T10:07:49.255-0700,2019-06-20T10:03:23.222-0700,41,1,3,0,0,1,1,0,1,0,0,0,0,0
BAT-346,2019-05-10T08:50:51.770-0700,2019-05-24T15:16:36.969-0700,2019-06-05T16:47:25.361-0700,26,12,6,1,1,1,1,1,1,0,0,0,0,0
BAT-339,2019-05-10T08:26:54.084-0700,2019-06-10T14:16:31.993-0700,2019-10-23T14:02:06.867-0700,166,134,6,1,1,1,1,1,1,0,0,0,1,1
BAT-336,2019-05-10T08:22:49.582-0700,2019-05-10T13:25:09.032-0700,2019-05-31T08:11:57.479-0700,20,20,2,1,0,0,0,0,1,0,0,0,0,0
BAT-329,2019-05-10T08:02:28.737-0700,2019-09-18T09:26:20.136-0700,2019-10-10T06:36:04.797-0700,152,21,6,1,1,1,1,1,1,0,0,0,1,4
BAT-326,2019-05-10T07:59:39.343-0700,2019-05-15T09:42:04.633-0700,2019-06-07T11:57:14.108-0700,28,23,2,1,0,1,0,0,0,0,0,0,0,0
BAT-322,2019-05-10T07:56:21.163-0700,2019-06-13T14:13:12.161-0700,2019-07-01T11:00:23.981-0700,52,17,3,1,0,1,1,0,0,0,0,0,0,0
BAT-319,2019-05-10T07:51:49.616-0700,2020-03-24T07:42:49.229-0700,2020-04-13T13:39:21.643-0700,339,20,2,1,0,1,0,0,0,0,0,2,1,2
BAT-316,2019-05-10T07:46:55.919-0700,2019-05-10T07:50:22.613-0700,2019-05-31T08:07:24.238-0700,21,21,2,1,0,1,0,0,0,0,0,0,0,0
BAT-309,2019-05-10T07:40:33.836-0700,2019-07-08T09:04:09.634-0700,2019-08-01T08:23:16.499-0700,83,23,6,1,1,1,1,1,1,0,0,0,0,0
BAT-298,2019-05-10T07:18:26.225-0700,2019-06-26T08:01:35.308-0700,2019-07-01T07:56:40.158-0700,52,4,3,1,1,0,1,0,0,0,0,0,0,0
BAT-291,2019-05-10T07:05:47.061-0700,2019-05-10T07:35:31.277-0700,2019-08-01T15:10:15.702-0700,83,83,6,1,1,0,2,1,1,0,0,0,0,0
BAT-285,2019-05-10T06:51:17.491-0700,2019-06-12T07:54:26.554-0700,2019-06-26T13:00:52.395-0700,47,14,6,1,1,1,1,1,1,0,0,0,0,0
BAT-147,2019-05-07T07:51:24.553-0700,2019-09-10T08:29:52.342-0700,2019-09-13T10:52:17.129-0700,129,3,2,1,0,1,0,0,0,0,0,1,0,0
BAT-139,2019-05-07T07:43:25.432-0700,2019-08-26T07:17:01.393-0700,2019-09-16T15:36:37.101-0700,132,21,7,1,1,1,1,1,1,1,0,0,0,0
BAT-138,2019-05-06T14:07:27.431-0700,2019-05-21T08:30:38.188-0700,2019-06-17T07:05:11.345-0700,41,26,6,1,1,1,1,1,1,0,0,0,0,0
BAT-132,2019-05-06T12:26:27.388-0700,2020-06-04T07:01:48.913-0700,2021-01-04T07:52:32.986-0800,608,214,4,1,1,0,0,1,1,0,0,1,0,2
BAT-125,2019-05-06T10:03:26.430-0700,2019-05-31T14:29:59.037-0700,2019-06-24T09:04:56.714-0700,48,23,6,1,1,1,1,1,1,0,0,0,0,0
BAT-119,2019-05-06T09:27:20.879-0700,2019-08-16T10:30:02.496-0700,2019-08-28T07:22:57.266-0700,113,11,6,1,1,0,2,1,1,0,0,0,0,0
BAT-113,2019-05-06T08:53:32.374-0700,2019-06-27T08:53:26.963-0700,2019-08-30T08:18:17.790-0700,115,63,6,1,1,0,2,1,1,0,0,0,0,0
BAT-103,2019-05-03T12:29:08.003-0700,2019-06-05T14:03:12.550-0700,2019-09-11T12:15:14.572-0700,130,97,2,1,0,0,0,0,1,0,0,0,0,0
BAT-26,2019-05-01T09:53:32.343-0700,2019-06-07T13:15:39.676-0700,2019-06-21T08:58:16.438-0700,50,13,6,1,1,1,1,1,1,0,0,0,0,0
